Nose_x,Nose_y,LeftEye_x,LeftEye_y,RightEye_x,RightEye_y,LeftEar_x,LeftEar_y,RightEar_x,RightEar_y,LeftShoulder_x,LeftShoulder_y,RightShoulder_x,RightShoulder_y,LeftElbow_x,LeftElbow_y,RightElbow_x,RightElbow_y,LeftWrist_x,LeftWrist_y,RightWrist_x,RightWrist_y,LeftHip_x,LeftHip_y,RightHip_x,RightHip_y,LeftKnee_x,LeftKnee_y,RightKnee_x,RightKnee_y,LeftAnkle_x,LeftAnkle_y,RightAnkle_x,RightAnkle_y,IsArmStretch,IsLegStretch,IsLegClose,IsKneeStop,IsChinOver,PullUpCount,TryCount
310.9121,452.88086,321.26367,442.5293,295.38477,442.5293,341.9668,458.05664,279.85742,458.05664,367.8457,489.11133,264.33008,499.4629,404.07617,411.4746,222.92383,406.29883,429.95508,328.6621,202.2207,318.31055,357.49414,696.1426,285.0332,701.31836,378.19727,846.24023,305.73633,846.24023,373.02148,949.75586,321.26367,960.1074,1.0,1.0,1.0,1.0,0.0,0.0,0
310.4121,448.70508,320.76367,443.5293,294.88477,443.5293,341.4668,453.88086,279.35742,459.05664,367.3457,490.11133,263.83008,495.2871,403.57617,412.4746,222.42383,407.29883,429.45508,329.6621,201.7207,319.31055,356.99414,691.9668,284.5332,702.31836,377.69727,847.24023,310.4121,847.24023,372.52148,945.5801,315.5879,955.93164,1.0,1.0,1.0,1.0,0.0,0.0,0
305.7461,454.64453,321.2539,444.306,295.40756,444.306,341.931,454.64453,279.89975,459.8138,367.77734,490.82944,264.39194,495.9987,403.96225,408.1211,223.03777,408.1211,429.8086,325.41275,202.36067,320.2435,357.4388,692.43097,285.069,702.76953,372.94662,847.5091,305.7461,852.6784,372.94662,950.89453,316.08463,956.0638,1.0,1.0,1.0,1.0,0.0,0.0,0
310.4121,448.70508,320.76367,443.5293,294.88477,443.5293,341.4668,453.88086,279.35742,459.05664,367.3457,490.11133,263.83008,495.2871,403.57617,407.29883,222.42383,407.29883,429.45508,329.6621,201.7207,319.31055,356.99414,697.1426,284.5332,702.31836,372.52148,847.24023,305.23633,852.416,372.52148,955.93164,315.5879,966.2832,1.0,1.0,1.0,1.0,0.0,0.0,1
310.89258,450.08398,321.32227,439.6543,295.24805,439.6543,342.18164,455.29883,279.60352,460.51367,368.25586,491.80273,263.95898,491.80273,404.75977,408.36523,222.24023,408.36523,430.83398,324.92773,201.38086,319.7129,357.82617,695.18164,284.81836,700.3965,373.4707,846.4121,305.67773,851.62695,373.4707,961.1387,316.10742,966.3535,1.0,1.0,1.0,1.0,0.0,0.0,1
310.4056,448.1647,320.7832,442.97592,294.8392,442.97592,341.53842,453.35352,279.2728,458.54233,367.48242,489.67514,263.7064,494.86392,403.80405,411.8431,222.19597,406.6543,429.74805,328.82227,201.44075,318.44467,357.10483,692.0384,284.46158,702.416,372.67123,847.70245,305.2168,852.8913,372.67123,961.85614,315.5944,972.2337,1.0,1.0,1.0,1.0,0.0,0.0,1
306.2168,449.1647,321.7832,438.7871,295.8392,438.7871,342.53842,454.35352,280.2728,454.35352,368.48242,490.67514,264.7064,495.86392,404.80405,407.6543,223.19597,407.6543,430.74805,324.63345,202.44075,319.44467,358.10483,693.0384,285.46158,698.22723,373.67123,848.70245,301.02798,848.70245,373.67123,962.85614,311.4056,968.0449,1.0,1.0,1.0,1.0,0.0,0.0,1
306.1875,448.85416,321.8125,438.4375,295.77084,438.4375,342.64584,454.0625,280.14584,454.0625,368.6875,490.52084,264.52084,495.72916,405.14584,407.1875,222.85417,407.1875,431.1875,323.85416,202.02083,318.64584,358.27084,693.6458,285.35416,698.8542,373.89584,849.8958,300.97916,849.8958,368.6875,969.6875,311.39584,969.6875,1.0,1.0,1.0,1.0,0.0,0.0,1
305.7168,448.1647,321.2832,437.7871,295.3392,437.7871,342.03842,453.35352,279.7728,453.35352,367.98242,489.67514,264.2064,494.86392,404.30405,411.8431,222.69597,401.46548,430.24805,323.63345,201.94075,318.44467,357.60483,692.0384,284.96158,702.416,367.98242,847.70245,295.3392,847.70245,362.7936,972.2337,310.9056,972.2337,1.0,1.0,1.0,1.0,0.0,0.0,1
305.70703,448.39453,316.09766,438.0039,295.3164,438.0039,342.07422,453.58984,279.73047,453.58984,368.05078,489.95703,264.14453,495.15234,404.41797,412.02734,222.58203,401.63672,430.39453,323.70703,201.80078,318.51172,357.66016,692.5742,284.92578,697.76953,368.05078,848.4336,295.3164,843.2383,357.66016,973.1211,310.90234,973.1211,1.0,1.0,1.0,1.0,0.0,0.0,1
305.7168,442.97592,316.0944,437.7871,295.3392,437.7871,342.03842,453.35352,279.7728,453.35352,367.98242,489.67514,264.2064,494.86392,404.30405,406.6543,222.69597,401.46548,430.24805,323.63345,201.94075,318.44467,357.60483,692.0384,284.96158,692.0384,367.98242,847.70245,295.3392,847.70245,357.60483,972.2337,310.9056,972.2337,1.0,1.0,1.0,1.0,0.0,0.0,1
306.20703,443.19922,316.59766,432.8086,295.8164,432.8086,342.57422,453.58984,280.23047,453.58984,368.55078,489.95703,264.64453,495.15234,404.91797,406.83203,223.08203,401.63672,430.89453,323.70703,202.30078,318.51172,358.16016,692.5742,285.42578,692.5742,363.35547,848.4336,295.8164,848.4336,358.16016,973.1211,306.20703,973.1211,1.0,1.0,1.0,1.0,0.0,0.0,1
306.66797,441.09244,317.1107,430.64975,296.22525,430.64975,343.21744,451.53516,280.5612,451.53516,369.32422,488.08463,259.67578,488.08463,405.8737,399.32162,223.1263,399.32162,426.75912,321.0013,202.24089,315.77994,353.66016,691.71747,285.78256,691.71747,358.8815,848.3581,291.0039,848.3581,353.66016,973.6706,306.66797,973.6706,1.0,1.0,1.0,1.0,0.0,0.0,1
306.6875,441.64584,317.10416,431.22916,296.27084,431.22916,343.14584,452.0625,280.64584,452.0625,369.1875,488.52084,265.02084,493.72916,405.64584,399.97916,223.35417,399.97916,426.47916,321.85416,202.52083,316.64584,353.5625,691.6458,280.64584,691.6458,358.77084,847.8958,291.0625,847.8958,348.35416,978.1042,306.6875,972.8958,1.0,1.0,1.0,1.0,0.0,0.0,1
306.67773,441.86914,317.10742,431.43945,296.24805,431.43945,343.18164,447.08398,275.38867,452.29883,364.04102,488.80273,259.74414,488.80273,405.75977,400.1504,223.24023,400.1504,426.61914,321.92773,202.38086,316.7129,353.61133,686.9668,280.60352,692.18164,358.82617,848.62695,291.0332,848.62695,348.39648,978.99805,301.4629,973.7832,1.0,1.0,1.0,1.0,0.0,0.0,1
307.1875,441.64584,317.60416,431.22916,291.5625,431.22916,343.64584,446.85416,275.9375,452.0625,364.47916,488.52084,260.3125,488.52084,406.14584,399.97916,223.85417,399.97916,426.97916,321.85416,203.02083,316.64584,354.0625,686.4375,281.14584,691.6458,359.27084,853.1042,291.5625,847.8958,343.64584,972.8958,301.97916,972.8958,1.0,1.0,1.0,1.0,0.0,0.0,1
307.1875,440.64584,317.60416,430.22916,291.5625,430.22916,338.4375,445.85416,275.9375,451.0625,364.47916,487.52084,260.3125,487.52084,406.14584,398.97916,223.85417,398.97916,426.97916,320.85416,203.02083,315.64584,354.0625,685.4375,281.14584,685.4375,354.0625,852.1042,291.5625,852.1042,343.64584,977.1042,296.77084,971.8958,1.0,1.0,1.0,1.0,0.0,0.0,1
306.6875,440.64584,317.10416,430.22916,291.0625,430.22916,337.9375,445.85416,275.4375,451.0625,363.97916,487.52084,259.8125,487.52084,405.64584,398.97916,223.35417,398.97916,426.47916,320.85416,202.52083,315.64584,353.5625,685.4375,280.64584,685.4375,353.5625,852.1042,291.0625,852.1042,343.14584,977.1042,296.27084,971.8958,1.0,1.0,1.0,1.0,0.0,0.0,1
306.67773,439.86914,317.10742,429.43945,291.0332,429.43945,337.9668,445.08398,275.38867,450.29883,364.04102,486.80273,259.74414,486.80273,400.54492,398.1504,223.24023,398.1504,431.83398,319.92773,202.38086,314.7129,353.61133,684.9668,280.60352,684.9668,353.61133,851.8418,291.0332,846.62695,343.18164,971.7832,301.4629,971.7832,1.0,1.0,1.0,1.0,0.0,0.0,1
306.66797,440.09244,317.1107,429.64975,291.0039,429.64975,337.9961,445.3138,275.33984,450.53516,364.10287,487.08463,259.67578,487.08463,400.65234,393.10025,223.1263,398.32162,431.98047,320.0013,202.24089,314.77994,353.66016,685.4961,280.5612,690.71747,348.4388,852.5794,291.0039,847.3581,337.9961,972.6706,296.22525,967.4492,1.0,1.0,1.0,1.0,0.0,0.0,1
306.6582,439.31577,317.11392,434.0879,296.20248,434.0879,338.0254,449.77148,275.29102,449.77148,364.1647,486.36655,259.60742,486.36655,400.75977,392.26498,223.01237,397.49283,426.89908,319.07486,202.1009,313.84702,353.70898,685.0254,280.5189,690.25323,348.4811,847.0892,290.9746,847.0892,338.0254,972.5579,296.20248,967.3301,1.0,1.0,1.0,1.0,0.0,0.0,1
306.6582,439.31577,317.11392,434.0879,296.20248,434.0879,338.0254,444.5436,275.29102,449.77148,364.1647,486.36655,259.60742,486.36655,400.75977,392.26498,223.01237,397.49283,426.89908,319.07486,207.32878,313.84702,353.70898,685.0254,280.5189,690.25323,348.4811,847.0892,290.9746,847.0892,338.0254,967.3301,296.20248,967.3301,1.0,1.0,1.0,1.0,0.0,0.0,1
306.6582,439.31577,317.11392,434.0879,296.20248,434.0879,343.25327,449.77148,280.5189,454.99936,364.1647,486.36655,259.60742,486.36655,400.75977,392.26498,228.24023,397.49283,426.89908,319.07486,202.1009,313.84702,353.70898,685.0254,280.5189,685.0254,348.4811,847.0892,290.9746,847.0892,338.0254,967.3301,296.20248,967.3301,1.0,1.0,1.0,1.0,0.0,0.0,1
307.66797,439.09244,318.1107,433.8711,297.22525,433.8711,338.9961,444.3138,276.33984,449.53516,365.10287,486.08463,260.67578,486.08463,396.431,392.10025,224.1263,397.32162,427.75912,319.0013,203.24089,313.77994,354.66016,684.4961,281.5612,684.4961,349.4388,846.3581,292.0039,846.3581,338.9961,966.4492,297.22525,966.4492,1.0,1.0,1.0,1.0,0.0,0.0,1
308.64844,443.7734,319.1172,433.30466,298.1797,433.30466,340.0547,449.00778,282.47656,454.24216,366.22656,485.64844,261.53906,485.64844,397.6328,396.66403,230.13281,396.66403,429.03906,323.38278,203.96092,312.91403,355.7578,684.5547,277.2422,689.78906,350.52344,846.8203,292.9453,852.0547,340.0547,967.21094,298.1797,967.21094,1.0,1.0,1.0,1.0,0.0,0.0,1
309.13867,444.00327,319.62045,433.52148,298.6569,433.52148,340.58398,444.00327,282.93423,449.24414,366.78842,485.93033,261.9707,485.93033,398.23373,396.8353,225.2845,396.8353,429.67905,318.22202,204.32097,312.9811,356.30664,685.084,277.69336,690.3249,351.06577,847.55145,293.41602,852.7923,340.58398,968.0918,298.6569,968.0918,1.0,1.0,1.0,1.0,0.0,0.0,1
309.63867,444.00327,320.12045,433.52148,299.1569,433.52148,341.08398,444.00327,283.43423,449.24414,367.28842,480.68945,262.4707,485.93033,398.73373,391.5944,225.7845,391.5944,430.17905,318.22202,204.82097,312.9811,356.80664,685.084,278.19336,690.3249,351.56577,847.55145,293.91602,852.7923,341.08398,968.0918,299.1569,968.0918,1.0,1.0,1.0,1.0,0.0,0.0,1
309.6289,444.23306,320.1237,433.73828,299.13412,433.73828,341.11328,444.23306,283.39194,454.72787,367.35025,480.96484,267.64975,486.21225,398.83463,391.75912,230.91797,397.0065,430.319,318.29556,204.68098,313.0482,356.85547,685.6133,278.14453,685.6133,351.60806,848.28253,293.88672,848.28253,341.11328,968.97266,299.13412,968.97266,1.0,1.0,1.0,1.0,0.0,0.0,1
310.1289,444.23306,320.6237,438.9857,299.63412,438.9857,341.61328,449.48047,283.89194,454.72787,367.85025,480.96484,268.14975,486.21225,399.33463,391.75912,231.41797,397.0065,430.819,318.29556,210.42839,313.0482,357.35547,685.6133,283.89194,685.6133,352.10806,848.28253,294.38672,853.52997,341.61328,974.22003,299.63412,968.97266,1.0,1.0,1.0,1.0,0.0,0.0,1
314.8763,444.23306,320.1237,433.73828,299.13412,433.73828,341.11328,449.48047,283.39194,454.72787,367.35025,480.96484,267.64975,486.21225,398.83463,391.75912,230.91797,397.0065,430.319,318.29556,209.92839,313.0482,356.85547,685.6133,283.39194,685.6133,351.60806,848.28253,293.88672,848.28253,341.11328,968.97266,299.13412,968.97266,1.0,1.0,1.0,1.0,0.0,0.0,1
309.61914,447.7168,320.12695,442.4629,299.11133,442.4629,341.14258,452.9707,288.60352,452.9707,367.4121,484.49414,272.8418,489.74805,398.93555,389.92383,230.81055,395.17773,430.45898,321.62305,209.79492,311.11523,356.9043,684.1426,283.3496,684.1426,351.6504,847.0137,293.85742,847.0137,341.14258,967.8535,299.11133,973.1074,1.0,1.0,1.0,1.0,0.0,0.0,1
310.10938,446.95312,320.63022,441.69272,299.58853,441.69272,341.67188,452.21353,289.06772,457.47397,367.97397,483.77603,273.28647,494.29688,399.53647,394.34897,231.20312,394.34897,431.09897,320.70312,204.90105,310.18228,357.45312,688.9323,283.80728,688.9323,352.19272,846.7448,294.32812,852.0052,341.67188,967.7344,299.58853,967.7344,1.0,1.0,1.0,1.0,0.0,0.0,1
310.08984,447.42578,320.63672,442.15234,299.54297,442.15234,341.73047,452.69922,288.9961,452.69922,368.09766,484.33984,273.17578,489.61328,399.73828,389.41797,230.98828,394.6914,431.3789,320.86328,209.89453,310.3164,357.55078,684.73047,283.72266,690.0039,352.27734,848.20703,294.26953,848.20703,341.73047,969.4961,299.54297,969.4961,1.0,1.0,1.0,1.0,0.0,0.0,1
309.60938,446.95312,320.13022,441.69272,299.08853,441.69272,341.17188,452.21353,288.56772,452.21353,367.47397,483.77603,272.78647,489.03647,399.03647,389.08853,230.70312,394.34897,430.59897,315.44272,209.66145,310.18228,356.95312,683.6719,288.56772,683.6719,351.69272,846.7448,293.82812,846.7448,341.17188,972.9948,299.08853,967.7344,1.0,1.0,1.0,1.0,0.0,0.0,1
309.6289,447.48047,320.1237,442.23306,299.13412,442.23306,341.11328,452.72787,288.6393,452.72787,367.35025,484.21225,272.89713,489.45963,398.83463,389.75912,230.91797,389.75912,430.319,316.29556,209.92839,311.0482,356.85547,683.6133,288.6393,683.6133,351.60806,846.28253,293.88672,846.28253,341.11328,972.22003,299.13412,966.97266,1.0,1.0,1.0,1.0,0.0,0.0,1
310.61914,446.7168,321.12695,441.4629,300.11133,441.4629,342.14258,451.9707,284.3496,451.9707,368.4121,483.49414,273.8418,499.25586,399.93555,388.92383,231.81055,394.17773,431.45898,315.36914,210.79492,310.11523,357.9043,683.1426,289.60352,688.3965,352.6504,846.0137,294.85742,846.0137,342.14258,972.1074,300.11133,966.8535,1.0,1.0,1.0,1.0,0.0,0.0,1
311.60938,439.69272,322.13022,429.17188,301.08853,429.17188,348.43228,450.21353,285.30728,450.21353,369.47397,481.77603,274.78647,492.29688,406.29688,392.34897,232.70312,392.34897,432.59897,318.70312,211.66145,308.18228,358.95312,681.6719,290.56772,681.6719,353.69272,834.22394,290.56772,839.4844,343.17188,960.47394,301.08853,965.7344,1.0,1.0,1.0,1.0,0.0,0.0,1
310.66797,433.09244,321.1107,427.8711,300.22525,427.8711,347.21744,443.53516,284.5612,448.7565,368.10287,480.08463,268.89713,480.08463,404.65234,401.7643,232.34766,391.32162,430.75912,318.22266,211.46223,307.77994,357.66016,668.0534,289.78256,673.2747,352.4388,824.69403,295.0039,829.91534,347.21744,950.00653,300.22525,950.00653,1.0,1.0,1.0,1.0,0.0,0.0,1
315.9707,427.50977,326.0879,422.45117,300.79492,422.45117,346.32227,442.68555,285.61914,437.62695,371.61523,478.0957,265.38477,478.0957,407.0254,397.1582,229.97461,392.0996,437.37695,316.2207,209.74023,306.10352,361.49805,660.2051,290.67773,660.2051,351.38086,817.0215,295.73633,817.0215,346.32227,943.4863,300.79492,943.4863,1.0,1.0,1.0,1.0,0.0,0.0,1
316.49023,421.15042,326.5293,416.1309,301.43164,416.1309,346.60742,436.209,291.39258,431.18948,371.70508,471.3457,266.29492,471.3457,411.86133,396.05276,226.13869,391.03323,436.95898,315.74026,211.0801,305.7012,361.66602,647.0293,286.37305,647.0293,351.62695,802.63477,296.4121,807.6543,346.60742,923.1035,296.4121,933.1426,1.0,1.0,1.0,1.0,0.0,0.0,1
315.86133,400.20117,330.13867,395.44205,306.3431,395.44205,353.93423,414.47852,292.06577,414.47852,372.9707,462.06967,268.27017,457.31055,420.56186,395.44205,225.43816,385.92383,439.5983,314.5371,211.16081,305.0189,363.45248,623.8796,292.06577,623.8796,353.93423,785.68945,292.06577,785.68945,344.41602,899.9082,296.82486,904.6673,1.0,1.0,1.0,1.0,0.0,0.0,1
320.14648,393.91602,329.56055,384.50195,306.0254,389.20898,353.0957,403.33008,291.9043,408.0371,376.63086,450.4004,268.36914,455.10742,428.4082,393.91602,221.29883,389.20898,437.82227,313.89648,211.88477,304.48242,362.50977,610.43945,291.9043,610.43945,357.80273,770.4785,291.9043,770.4785,343.68164,878.74023,291.9043,897.56836,0.0,1.0,1.0,1.0,0.0,0.0,1
320.70834,381.12497,329.875,371.9583,306.95834,371.9583,352.79166,394.87497,293.20834,394.87497,375.70834,440.7083,270.29166,445.29166,430.70834,390.29166,219.87498,385.7083,439.875,316.9583,210.70833,307.79163,357.375,596.5417,288.625,591.9583,361.95834,756.9584,293.20834,752.375,343.625,866.9584,293.20834,880.7084,0.0,1.0,1.0,1.0,0.0,0.0,1
320.7539,369.65234,329.73828,365.16016,307.27734,365.16016,352.19922,387.6211,289.3086,387.6211,374.66016,432.54297,271.33984,432.54297,433.0586,392.11328,212.9414,387.6211,442.04297,311.2539,212.9414,306.76172,361.1836,580.78516,289.3086,580.78516,361.1836,738.0117,293.80078,738.0117,343.21484,854.8086,289.3086,868.28516,0.0,1.0,1.0,1.0,0.0,0.0,1
316.56445,344.0944,329.43555,335.51364,307.98373,335.51364,346.59702,361.25583,290.82227,361.25583,380.91992,404.1595,269.37042,412.7402,436.69467,391.2884,205.01497,386.99802,445.2754,309.77145,209.30533,305.48108,359.4681,554.32227,290.82227,554.32227,363.75845,717.35614,295.11264,717.35614,342.30664,837.4863,290.82227,846.0671,0.0,1.0,1.0,1.0,0.0,0.0,1
316.14258,328.32227,328.85742,324.08398,307.66602,324.08398,345.81055,349.51367,290.7129,349.51367,379.7168,391.89648,269.52148,400.37305,439.05273,387.6582,205.94727,383.41992,443.29102,311.36914,210.18555,307.13086,362.76367,540.2363,290.7129,544.4746,362.76367,705.5293,294.95117,705.5293,341.57227,828.43945,290.7129,836.916,0.0,1.0,1.0,1.0,0.0,0.0,1
314.58334,313.41666,327.08334,309.25,306.25,309.25,347.91666,338.41666,293.75,338.41666,377.08334,384.25,268.75,384.25,439.58334,388.41666,206.25,384.25,443.75,309.25,210.41667,305.08334,364.58334,530.0833,293.75,530.0833,364.58334,696.75,293.75,692.5833,343.75,817.5833,293.75,830.0833,0.0,1.0,1.0,1.0,0.0,0.0,1
315.82748,302.97983,328.03452,294.8418,307.68945,294.8418,348.37955,323.32486,291.41342,323.32486,376.86264,372.15298,271.06836,372.15298,441.9668,388.42905,201.89519,384.36002,446.0358,311.11783,210.0332,307.04883,360.58658,518.6374,291.41342,518.6374,360.58658,685.4668,295.48242,677.3288,348.37955,811.60614,291.41342,815.6751,0.0,1.0,1.0,1.0,0.0,0.0,1
312.07748,288.01627,324.01108,284.03842,308.0996,280.06055,347.87827,299.94986,288.2103,299.94986,379.70117,351.6621,272.29883,355.63998,443.34702,387.4629,200.69727,383.48502,447.32486,307.9056,208.653,303.92773,363.7897,506.79883,292.18814,506.79883,359.81186,665.9134,296.16602,661.93555,347.87827,797.1829,292.18814,801.1608,0.0,1.0,1.0,1.0,0.0,0.0,1
310.64584,277.9375,326.47916,273.97916,306.6875,273.97916,346.27084,293.77084,298.77084,293.77084,381.89584,345.22916,271.0625,345.22916,441.27084,384.8125,203.77083,380.85416,449.1875,309.60416,207.72917,305.64584,362.10416,503.5625,290.85416,499.60416,362.10416,661.8958,294.8125,657.9375,350.22916,796.4792,294.8125,796.4792,0.0,1.0,1.0,1.0,1.0,0.0,1
311.14584,270.97916,326.97916,263.0625,307.1875,263.0625,346.77084,286.8125,299.27084,290.77084,382.39584,342.22916,271.5625,342.22916,441.77084,385.77084,200.3125,381.8125,449.6875,306.60416,208.22917,302.64584,362.60416,484.72916,291.35416,484.72916,362.60416,658.8958,295.3125,654.9375,350.72916,789.5208,295.3125,793.4792,0.0,1.0,1.0,1.0,1.0,0.0,1
315.0879,268.01364,326.98242,260.08395,307.1582,260.08395,346.80664,283.87302,291.29883,287.83786,378.5254,339.38083,271.4746,339.38083,441.9629,386.95895,200.1074,379.02927,449.89258,307.66208,208.0371,303.69724,362.66602,482.11523,291.29883,482.11523,362.66602,656.56836,295.26367,652.6035,350.77148,791.37305,295.26367,791.37305,0.0,1.0,1.0,1.0,1.0,0.0,1
314.57162,267.0482,326.4857,259.10547,306.6289,259.10547,346.34244,278.96225,290.7435,282.9336,378.11328,338.53256,270.88672,338.53256,441.65494,386.1888,199.40234,378.2461,449.59766,306.76172,211.3164,302.79037,362.22787,481.5013,294.71484,485.47266,362.22787,656.2409,298.6862,656.2409,350.3138,791.2669,294.71484,795.2383,0.0,1.0,1.0,1.0,1.0,0.0,1
315.55533,268.08267,327.48892,260.12695,307.5996,260.12695,347.37827,287.97202,291.68814,287.97202,379.20117,339.68423,271.79883,339.68423,442.84702,387.4186,200.19727,379.4629,450.80273,307.86133,208.153,299.9056,363.2897,494.82095,291.68814,494.82095,359.31186,657.9134,295.66602,657.9134,351.3561,793.1608,299.6439,797.1387,0.0,1.0,1.0,1.0,1.0,0.0,1
311.50912,272.1862,327.4987,272.1862,307.51172,268.1888,347.4857,292.1732,287.52475,292.1732,379.46484,344.1393,271.53516,344.1393,443.4232,388.1107,199.58203,380.11588,447.42056,308.16275,207.57683,304.16537,363.47525,488.04556,291.52213,500.03775,363.47525,663.93097,295.51953,659.9336,351.48306,795.84503,299.51694,799.84247,0.0,1.0,1.0,1.0,1.0,1.0,1
322.48502,271.32877,326.51498,271.32877,310.39517,267.29883,346.6647,299.53842,298.30533,295.50845,378.9043,351.92773,266.06577,351.92773,443.38345,384.16733,193.52669,380.13736,451.44336,311.62827,209.64648,303.56836,362.78452,509.0957,290.24545,505.06577,362.78452,666.2637,298.30533,666.2637,350.69467,803.2819,298.30533,803.2819,0.0,1.0,1.0,1.0,0.0,1.0,1
314.21353,295.26562,326.55728,291.15103,301.86978,291.15103,347.13022,315.83853,293.64062,315.83853,375.93228,369.32812,260.72397,369.32812,449.99478,385.78647,194.89062,377.55728,449.99478,307.60938,211.34895,303.49478,363.58853,521.5677,293.64062,521.5677,363.58853,682.03644,297.75522,682.03644,351.24478,817.8177,301.86978,821.9323,0.0,1.0,1.0,1.0,0.0,1.0,1
313.43686,304.74545,326.11264,296.29492,304.98633,296.29492,347.23892,325.87173,288.0853,325.87173,376.81577,376.57486,262.73373,376.57486,448.64517,385.0254,190.9043,380.80014,444.41992,308.9707,212.0306,304.74545,364.13998,537.13477,292.31055,532.9095,364.13998,693.4694,296.5358,693.4694,355.68945,824.45245,300.76108,828.67773,0.0,1.0,1.0,1.0,0.0,1.0,1
311.87173,314.7936,324.62564,310.54233,303.36914,310.54233,345.88217,340.30142,290.61523,336.05014,379.89258,387.06577,265.10742,382.81445,447.91342,387.06577,197.0866,378.56314,447.91342,310.54233,209.8405,306.29102,362.88736,544.36395,290.61523,548.61523,362.88736,701.6621,299.11783,701.6621,354.38477,837.7038,303.36914,846.20636,0.0,1.0,1.0,1.0,0.0,1.0,1
312.17642,327.89908,325.1647,323.56967,303.51758,323.56967,346.81186,345.2168,286.19986,349.54623,377.11783,392.84048,264.55273,392.84048,446.38867,388.51108,195.2819,379.8522,446.38867,310.5814,212.59961,301.92252,364.12955,557.3587,294.85873,553.0293,364.12955,713.2181,294.85873,713.2181,355.4707,847.43036,303.51758,851.75977,0.0,1.0,1.0,1.0,0.0,1.0,1
311.83463,347.1289,325.23306,342.66275,302.90234,342.66275,347.5638,360.52734,289.5039,364.9935,374.3607,409.65494,262.70703,414.1211,441.35287,387.32422,195.71484,382.85806,445.819,311.39975,209.11328,302.46744,365.42838,574.90234,293.97006,574.90234,360.96225,731.21747,298.4362,726.7513,356.4961,865.20184,302.90234,869.66797,0.0,1.0,1.0,1.0,0.0,1.0,1
311.1393,354.33725,324.77213,349.79297,302.05078,349.79297,342.94922,377.0586,288.41797,377.0586,374.75912,417.95703,261.15234,417.95703,442.9232,390.6914,197.53255,381.60287,447.46744,313.4388,211.16536,304.35025,365.67056,581.5508,292.96225,581.5508,361.1263,740.6003,297.5065,740.6003,356.58203,872.3841,302.05078,881.47266,0.0,1.0,1.0,1.0,0.0,1.0,1
310.92773,365.48242,324.81445,360.85352,301.66992,360.85352,343.33008,383.99805,287.7832,383.99805,375.73242,430.2871,260.00977,425.6582,440.5371,393.25586,195.20508,383.99805,449.79492,314.56445,209.0918,305.30664,361.8457,592.2988,292.4121,592.2988,366.4746,749.68164,297.04102,749.68164,357.2168,879.291,306.29883,883.9199,0.0,1.0,1.0,1.0,0.0,1.0,1
311.71616,375.96616,325.85678,366.53906,302.28906,371.2526,344.71094,390.10678,288.14844,390.10678,377.70572,432.52866,264.58072,437.2422,443.6953,394.8203,203.30469,385.39322,448.40884,314.6901,212.73177,305.26303,363.5651,602.2161,292.86197,602.2161,363.5651,753.0495,297.57553,757.763,358.85156,894.45575,302.28906,889.7422,0.0,1.0,1.0,1.0,0.0,1.0,1
311.93945,389.52542,321.5879,379.87698,302.29102,389.52542,345.70898,403.99808,287.81836,403.99808,379.47852,447.41605,263.69727,447.41605,437.36914,389.52542,205.80666,389.52542,442.19336,312.33792,210.63087,307.5137,360.18164,611.43945,287.81836,611.43945,365.00586,770.6387,297.4668,770.6387,365.00586,910.541,307.11523,905.7168,0.0,1.0,1.0,1.0,0.0,1.0,1
312.22787,395.8294,322.04556,386.0117,297.5013,390.92056,346.58984,405.64713,287.6836,410.55597,376.04297,449.8268,263.1393,454.73566,434.94922,390.92056,209.14192,390.92056,444.76694,312.37888,209.14192,307.47003,361.3164,616.72784,287.6836,616.72784,366.22525,778.7201,297.5013,778.7201,366.22525,906.3503,307.319,916.16797,0.0,1.0,1.0,1.0,0.0,1.0,1
313.04883,399.92773,323.00977,394.94727,303.0879,394.94727,342.93164,409.88867,288.14648,414.86914,372.81445,449.73242,263.24414,459.69336,432.58008,394.94727,208.45898,394.94727,447.52148,315.25977,213.43945,305.29883,362.85352,629.0293,288.14648,624.0488,362.85352,783.4238,298.10742,783.4238,362.85352,912.916,308.06836,907.93555,0.0,1.0,1.0,1.0,0.0,1.0,1
312.90234,401.64453,322.98047,396.60547,302.82422,396.60547,343.13672,416.76172,282.66797,416.76172,373.3711,457.07422,262.51172,462.11328,428.80078,391.5664,212.1211,396.60547,443.91797,315.98047,212.1211,305.90234,363.29297,633.4414,287.70703,633.4414,363.29297,789.65234,297.78516,789.65234,363.29297,915.6289,307.86328,915.6289,0.0,1.0,1.0,1.0,0.0,1.0,1
311.5,413.5,321.5,403.5,301.5,403.5,341.5,428.5,286.5,428.5,371.5,458.5,266.5,468.5,426.5,393.5,216.5,393.5,446.5,318.5,216.5,308.5,361.5,638.5,286.5,633.5,361.5,803.5,301.5,798.5,366.5,933.5,306.5,933.5,0.0,1.0,1.0,1.0,0.0,1.0,1
312.38608,415.92642,322.4772,410.88086,302.29492,410.88086,342.65952,431.06314,287.1582,431.06314,372.93295,461.33658,266.97592,471.42773,423.38867,390.69858,216.52019,395.74414,443.57095,315.01498,216.52019,309.9694,362.8418,642.97723,287.1582,637.93164,362.8418,804.43555,297.24936,804.43555,362.8418,925.5293,307.34048,935.6204,0.0,1.0,1.0,1.0,0.0,1.0,1
312.33725,422.60287,322.46744,412.47266,302.20703,412.47266,342.72787,432.73306,287.01172,432.73306,373.1185,463.1237,266.7513,473.2539,423.76953,387.14713,221.16536,392.21225,444.02994,316.2357,216.10027,311.17056,362.98828,645.46747,281.94662,645.46747,362.98828,807.5508,297.14194,807.5508,362.98828,934.1784,307.27213,944.3086,1.0,1.0,1.0,1.0,0.0,1.0,1
310.28842,423.23373,320.45767,418.14908,300.11914,418.14908,345.88086,433.40298,284.86523,433.40298,371.30405,468.99545,264.5267,474.08008,422.1504,387.64127,218.76497,397.81055,442.48892,316.4564,213.68034,311.37173,361.13477,652.0423,284.86523,652.0423,361.13477,814.7507,300.11914,814.7507,361.13477,936.7819,305.20377,946.9512,1.0,1.0,1.0,1.0,0.0,1.0,1
309.69077,429.61914,319.93814,424.49545,299.44336,424.49545,345.55664,439.86655,284.07227,439.86655,371.17514,470.60873,263.57748,480.8561,417.28842,388.62955,222.58789,398.87695,442.9069,316.8978,212.3405,311.77408,360.92773,655.0618,284.07227,660.18555,366.05142,819.0202,299.44336,824.14386,360.92773,936.86523,309.69077,957.36005,1.0,1.0,1.0,1.0,0.0,1.0,1
309.64194,430.26953,319.92838,425.1263,299.35547,425.1263,345.64453,440.556,283.92578,440.556,371.3607,471.41537,263.35287,481.7018,417.64975,389.1237,222.20703,394.26694,438.22266,317.1185,211.92058,311.97525,361.07422,666.8581,283.92578,666.8581,366.21744,821.15497,299.35547,826.29816,366.21744,934.30597,314.78516,954.8789,1.0,1.0,1.0,1.0,0.0,1.0,2
309.6582,431.05273,319.93164,425.91602,299.38477,425.91602,345.61523,441.32617,289.11133,446.4629,371.29883,477.2832,263.42773,482.41992,412.39258,389.95898,222.33398,400.23242,438.07617,318.04492,212.06055,312.9082,361.0254,667.3418,283.9746,672.4785,361.0254,821.44336,299.38477,826.5801,361.0254,939.5879,309.6582,960.13477,1.0,1.0,1.0,1.0,0.0,1.0,2
314.79492,436.18945,325.06836,431.05273,299.38477,431.05273,345.61523,446.4629,283.9746,446.4629,366.1621,477.2832,263.42773,482.41992,412.39258,389.95898,222.33398,400.23242,438.07617,318.04492,212.06055,312.9082,361.0254,672.4785,283.9746,672.4785,361.0254,821.44336,299.38477,826.5801,361.0254,944.7246,309.6582,960.13477,1.0,1.0,1.0,1.0,0.0,1.0,2
315.76562,443.01562,326.07812,432.70312,300.29688,432.70312,346.70312,448.17188,284.82812,448.17188,357.01562,484.26562,264.20312,484.26562,413.73438,396.60938,228.10938,406.92188,439.51562,319.26562,212.64062,314.10938,362.17188,680.2031,284.82812,680.2031,362.17188,824.5781,300.29688,829.7344,362.17188,943.1719,310.60938,963.7969,1.0,1.0,1.0,1.0,0.0,1.0,2
315.7754,443.78583,326.07486,433.48636,300.32617,433.48636,346.67383,448.93558,284.87695,448.93558,362.12305,484.98373,264.27798,484.98373,413.62042,397.43817,228.22983,407.73764,439.36914,320.19208,212.78061,315.04236,362.12305,675.5241,284.87695,680.6738,362.12305,830.01624,300.32617,835.166,362.12305,948.46027,310.62564,963.9095,1.0,1.0,1.0,1.0,0.0,1.0,2
316.2754,444.78583,326.57486,434.48636,300.82617,434.48636,347.17383,449.93558,285.37695,449.93558,362.62305,485.98373,264.77798,485.98373,408.9707,393.28842,223.5801,403.58792,434.7194,321.19208,213.28061,316.04236,362.62305,676.5241,285.37695,681.6738,362.62305,825.8665,295.67642,831.01624,362.62305,949.46027,305.97592,959.75977,1.0,1.0,1.0,1.0,0.0,1.0,2
312.14194,444.556,327.57162,434.26953,301.85547,434.26953,348.14453,454.84244,286.42578,449.69922,363.57422,485.7018,265.85287,485.7018,415.0065,398.26694,229.85027,408.55338,435.57944,326.26172,214.42058,315.97525,363.57422,676.0013,286.42578,676.0013,358.431,830.29816,296.71225,835.4414,363.57422,953.73566,306.9987,958.8789,1.0,1.0,1.0,1.0,0.0,1.0,2
314.86328,440.6263,325.04556,430.444,304.681,435.53516,345.41016,445.71744,289.40756,450.8086,365.77475,486.44662,263.9518,486.44662,411.59506,404.98828,228.3138,404.98828,437.05078,328.6211,213.04036,318.4388,360.6836,669.72784,284.3164,669.72784,360.6836,822.4622,294.4987,827.5534,360.6836,939.5586,304.681,949.7409,1.0,1.0,1.0,1.0,0.0,1.0,2
314.37305,435.31836,324.54233,430.23373,304.20377,430.23373,349.96548,445.48764,288.94986,445.48764,370.30405,481.08008,263.5267,486.1647,416.06577,404.81055,227.93425,404.81055,436.4043,328.54102,212.68034,318.37173,360.13477,659.0423,283.86523,659.0423,360.13477,821.7507,294.03452,816.666,360.13477,938.69727,304.20377,948.8665,1.0,1.0,1.0,1.0,0.0,1.0,2
314.06836,426.02798,323.9772,421.07358,304.15952,421.07358,343.79492,440.89127,289.29623,445.8457,373.52148,475.57227,264.52408,480.5267,418.11133,401.25586,224.88867,406.2103,437.92905,326.93945,214.97981,321.98502,363.61264,648.97723,284.3418,648.97723,363.61264,807.51886,294.25064,807.51886,363.61264,926.4251,299.20508,941.2884,1.0,1.0,1.0,1.0,0.0,1.0,2
314.2832,421.4017,328.7168,416.59048,304.6608,416.59048,347.96158,431.02408,285.41602,431.02408,376.82877,474.32486,266.17123,474.32486,420.12955,406.9681,222.87044,406.9681,439.37436,325.17773,213.24805,320.36655,362.39517,637.9056,285.41602,637.9056,362.39517,801.4863,290.2272,801.4863,362.39517,916.9551,299.8496,931.3887,1.0,1.0,1.0,1.0,0.0,1.0,2
317.08594,407.0547,326.3047,397.83594,303.2578,402.4453,349.35156,416.27344,289.4297,416.27344,377.0078,462.3672,266.3828,462.3672,427.71094,407.0547,220.28906,402.4453,436.9297,328.6953,211.07031,324.08594,363.1797,623.6953,289.4297,619.08594,367.78906,775.8047,294.03906,780.41406,358.5703,886.4297,294.03906,904.8672,0.0,1.0,1.0,1.0,0.0,1.0,2
311.20444,392.82944,324.75912,388.3112,302.16797,388.3112,347.35025,406.38412,288.61328,410.90234,374.45963,451.5664,266.02213,460.60287,428.67838,415.42056,211.80339,406.38412,442.23306,329.57422,211.80339,325.056,360.90494,614.22266,288.61328,609.7044,365.4232,758.80597,288.61328,763.3242,351.8685,880.79816,288.61328,894.35284,0.0,1.0,1.0,1.0,0.0,1.0,2
315.28125,386.3229,328.71875,377.3646,301.84375,377.3646,346.6354,404.2396,288.40625,399.7604,373.5104,444.5521,261.53125,449.03125,431.7396,413.1979,207.78125,404.2396,440.6979,332.5729,207.78125,323.6146,360.0729,601.32294,288.40625,601.32294,364.5521,753.61456,292.8854,753.61456,355.59375,870.07294,288.40625,887.98956,0.0,1.0,1.0,1.0,0.0,1.0,2
314.88867,372.28842,328.11133,367.88086,306.07358,367.88086,345.74155,389.9186,288.44336,389.9186,372.18686,433.99414,261.99805,438.4017,433.89258,411.9564,204.69987,403.14127,438.30014,337.02798,209.10742,328.2129,358.9642,588.2585,288.44336,583.8509,367.7793,742.52277,288.44336,742.52277,354.55664,861.5267,288.44336,874.7493,0.0,1.0,1.0,1.0,0.0,1.0,2
314.64258,347.32227,327.35742,343.08398,301.92773,343.08398,344.31055,368.51367,289.2129,364.2754,369.74023,410.89648,268.02148,415.13477,433.31445,410.89648,200.20898,406.6582,441.79102,334.60742,208.68555,330.36914,357.0254,559.2363,289.2129,563.4746,365.50195,724.5293,289.2129,716.05273,352.7871,851.67773,284.9746,860.1543,0.0,1.0,1.0,1.0,0.0,1.0,2
314.78906,334.0703,327.21094,329.9297,302.3672,329.9297,343.77344,358.91406,285.8047,354.77344,372.7578,400.3203,269.2422,408.60156,439.0078,412.7422,202.99219,408.60156,439.0078,338.21094,207.13281,329.9297,360.33594,549.3828,289.9453,549.3828,364.47656,710.8672,289.9453,710.8672,352.0547,843.3672,285.8047,851.64844,0.0,1.0,1.0,1.0,0.0,1.0,2
310.8112,321.97787,323.03775,313.8268,302.66016,313.8268,343.41537,342.35547,286.35806,342.35547,376.01953,391.26172,265.98047,395.33725,437.15234,411.6393,204.84766,407.5638,441.22787,338.27994,208.92317,330.1289,359.71744,537.98047,290.4336,542.05597,363.79297,701.0013,290.4336,701.0013,351.5664,835.49347,286.35806,847.72003,0.0,1.0,1.0,1.0,0.0,1.0,2
306.3268,315.66016,318.47525,311.6107,302.27734,311.6107,342.77213,331.85806,290.1289,323.75912,375.16797,380.4518,265.83203,388.55078,435.91016,412.84766,201.04036,408.7982,439.95963,339.95703,209.13933,331.85806,358.97006,530.28253,290.1289,530.28253,363.01953,692.2617,290.1289,692.2617,354.92056,829.94403,286.07944,838.04297,0.0,1.0,1.0,1.0,0.0,1.0,2
315.0039,291.1862,326.9961,287.1888,303.01172,287.1888,342.9857,311.1732,287.02213,311.1732,378.96225,363.1393,263.03775,371.13412,438.9232,415.10547,203.07683,415.10547,442.92056,343.15234,203.07683,335.15756,358.97525,523.03516,291.01953,523.03516,362.97266,682.93097,291.01953,678.9336,354.97787,818.84247,291.01953,822.83984,0.0,1.0,1.0,1.0,1.0,1.0,2
314.41602,287.55273,326.58398,279.44077,302.24805,279.44077,342.80795,303.7767,286.02408,303.7767,375.25586,360.56055,261.68814,368.67252,436.0957,413.28842,204.9043,413.28842,440.1517,344.33658,204.9043,336.2246,359.0319,518.74414,290.08008,518.74414,363.0879,680.9837,294.13608,676.92773,354.97592,818.8874,290.08008,818.8874,0.0,1.0,1.0,1.0,1.0,1.0,2
310.8112,285.67578,327.11328,277.52475,302.66016,277.52475,343.41537,301.97787,286.35806,301.97787,376.01953,359.03516,261.90494,367.1862,433.0768,416.09244,204.84766,416.09244,441.22787,342.73306,204.84766,338.65756,359.71744,517.98047,290.4336,517.98047,359.71744,676.9258,294.50912,676.9258,351.5664,815.49347,290.4336,819.56903,0.0,1.0,1.0,1.0,1.0,1.0,2
311.29492,285.7168,323.54102,277.55273,299.04883,277.55273,343.95117,302.04492,286.80273,306.12695,376.60742,363.2754,262.31055,367.35742,429.67383,416.3418,205.16211,416.3418,441.91992,346.94727,205.16211,342.86523,360.2793,518.3926,286.80273,518.3926,360.2793,681.6738,294.9668,677.5918,352.11523,816.38086,290.88477,816.38086,0.0,1.0,1.0,1.0,1.0,1.0,2
309.95767,298.30664,322.00845,290.2728,301.92383,290.2728,342.0931,314.37436,285.8561,318.39127,378.24545,370.61133,261.75455,374.62827,438.49936,422.8314,201.50066,418.81445,438.49936,346.50977,205.51758,342.49283,358.1608,523.2546,289.87305,523.2546,362.17773,683.93164,293.88998,683.93164,350.12695,824.5241,293.88998,824.5241,0.0,1.0,1.0,1.0,1.0,1.0,2
310.03906,307.10156,321.9922,299.1328,298.08594,299.1328,341.91406,323.03906,286.1328,327.02344,377.77344,378.8203,262.22656,382.8047,441.52344,426.6328,198.47656,418.66406,441.52344,350.9297,206.44531,342.96094,357.85156,530.22656,290.1172,530.22656,361.83594,693.58594,294.10156,693.58594,349.8828,829.0547,294.10156,833.03906,0.0,1.0,1.0,1.0,1.0,2.0,2
304.5319,323.12436,320.49545,315.14258,296.55014,319.13345,344.44077,335.09702,284.57748,335.09702,376.36783,390.9694,264.62305,394.9603,440.22202,426.88736,192.78711,418.9056,440.22202,351.06055,204.75977,347.06967,360.4043,542.62305,288.56836,542.62305,360.4043,702.2585,292.55923,702.2585,352.42252,837.94855,292.55923,841.93945,0.0,1.0,1.0,1.0,1.0,2.0,2
303.8724,334.53906,320.01822,326.46616,295.79947,326.46616,340.20053,350.6849,287.72656,342.61197,372.4922,399.1224,259.47134,403.15884,441.11197,427.3776,190.85156,419.3047,441.11197,350.6849,206.99739,346.64844,356.34634,548.4714,287.72656,548.4714,360.3828,709.9297,291.76303,709.9297,352.3099,847.16925,295.79947,851.20575,0.0,1.0,1.0,1.0,0.0,2.0,2
306.06705,353.3301,318.58658,344.98376,297.7207,349.15692,339.45248,374.19598,285.20117,374.19598,368.6647,424.2741,260.1621,424.2741,439.6087,428.4473,193.39128,424.2741,435.43555,353.3301,205.91081,353.3301,356.14517,570.33527,285.20117,574.5085,360.31836,733.0892,293.54752,737.2623,356.14517,870.804,297.7207,874.9772,0.0,1.0,1.0,1.0,0.0,2.0,2
306.92056,367.7461,319.61588,359.28256,298.45703,359.28256,340.77475,388.90494,285.76172,384.6732,370.39713,435.45444,260.3711,435.45444,442.33725,431.22266,192.66277,426.99088,438.10547,359.28256,205.35808,355.05078,357.7018,587.79816,285.76172,587.79816,361.9336,744.3737,294.22525,744.3737,357.7018,879.79034,298.45703,888.2539,0.0,1.0,1.0,1.0,0.0,2.0,2
306.11133,380.3496,319.17773,371.63867,297.4004,375.99414,340.95508,397.77148,284.33398,397.77148,371.44336,445.68164,258.20117,445.68164,436.7754,432.61523,192.86914,428.25977,436.7754,362.92773,205.93555,354.2168,358.37695,598.12305,284.33398,606.834,362.73242,754.9199,293.04492,754.9199,358.37695,894.2949,297.4004,889.93945,0.0,1.0,1.0,1.0,0.0,2.0,2
304.9974,392.34116,318.20053,383.53906,296.1953,383.53906,340.20572,409.9453,278.59116,409.9453,366.61197,453.95572,256.58594,453.95572,432.6276,436.35156,190.57031,431.95053,437.02866,361.53384,203.77344,352.73178,357.8099,616.79425,287.39322,612.39325,362.21094,766.4297,291.79428,770.83075,357.8099,902.862,296.1953,907.263,0.0,1.0,1.0,1.0,0.0,2.0,2
303.17188,411.57816,316.76562,402.51566,294.10938,407.0469,334.89062,429.70316,280.51562,434.2344,371.14062,470.4844,253.32812,475.01566,430.04688,443.2969,189.89064,434.2344,434.57812,366.26566,203.48439,357.20316,353.01562,633.6094,285.04688,633.6094,362.07812,787.6719,289.57812,792.2031,362.07812,923.6094,298.64062,923.6094,0.0,1.0,1.0,1.0,0.0,2.0,2
303.9603,419.166,313.19205,414.5501,290.11264,419.166,331.6556,437.62955,276.26498,442.24542,368.58267,483.7884,253.18555,483.7884,433.20508,442.24542,193.17903,437.62955,433.20508,368.39124,202.4108,354.54358,354.73502,645.3444,285.49673,645.3444,363.9668,802.28455,294.72852,802.28455,359.35092,936.1452,294.72852,926.91345,0.0,1.0,1.0,1.0,0.0,2.0,2
304.21616,427.2526,313.64322,422.53906,290.07553,427.2526,337.21094,446.10678,275.9349,450.8203,370.20572,488.52866,252.36719,493.2422,431.48178,446.10678,195.80469,436.6797,436.1953,365.97656,205.23177,356.54947,351.35156,653.5026,285.36197,653.5026,365.4922,809.0495,290.07553,813.763,360.77866,950.45575,299.5026,941.0286,0.0,1.0,1.0,1.0,0.0,2.0,2
304.52084,435.02084,314.10416,430.22916,290.14584,430.22916,333.27084,454.1875,275.77084,458.97916,366.8125,497.3125,251.8125,497.3125,429.10416,444.60416,199.10417,444.60416,433.89584,367.9375,203.89583,363.14584,347.64584,660.2292,280.5625,660.2292,362.02084,818.3542,290.14584,818.3542,362.02084,947.7292,299.72916,952.5208,0.0,1.0,1.0,1.0,0.0,2.0,2
300.91016,451.1836,315.5586,446.30078,291.14453,451.1836,330.20703,465.83203,276.4961,465.83203,364.38672,504.89453,252.08203,509.77734,418.09766,451.1836,198.3711,446.30078,432.7461,377.9414,203.2539,363.29297,349.73828,670.91016,281.3789,675.79297,359.5039,832.04297,291.14453,836.9258,359.5039,958.9961,300.91016,968.7617,0.0,1.0,1.0,1.0,0.0,2.0,2
299.95444,454.8685,314.9935,454.8685,289.92838,454.8685,330.03256,469.90756,274.8893,469.90756,365.1237,510.01172,254.83723,515.0247,420.26694,449.85547,204.70703,454.8685,435.306,374.66016,204.70703,364.63412,350.08463,680.4544,279.90234,680.4544,360.1107,840.8711,289.92838,845.8841,360.1107,976.22266,299.95444,966.1966,0.0,1.0,1.0,1.0,0.0,2.0,2
300.24936,463.5983,315.4642,458.52667,290.1061,463.5983,330.67905,473.74152,274.89127,478.81314,366.18033,514.31445,254.60481,519.38605,416.89648,448.38345,208.96028,453.45505,432.11133,372.3092,203.88866,367.2376,350.96548,686.7493,279.9629,686.7493,361.10873,849.041,290.1061,854.1127,361.10873,980.903,300.24936,980.903,0.0,1.0,1.0,1.0,0.0,2.0,2
303.38608,468.88086,313.4772,463.8353,293.29492,463.8353,333.65952,484.01758,278.1582,489.06314,363.93295,519.3366,252.93034,524.38214,414.38867,448.69858,212.56575,453.74414,434.57095,378.06055,207.52019,367.9694,348.79623,695.93164,278.1582,695.93164,358.88736,857.38995,288.24936,857.38995,358.88736,988.5749,303.38608,993.6204,1.0,1.0,1.0,1.0,0.0,2.0,2
303.7396,479.7604,313.9479,469.55206,293.53125,469.55206,329.2604,495.0729,278.21875,495.0729,364.9896,525.6979,252.6979,530.80206,410.9271,449.1354,216.96873,459.34372,431.34375,377.67706,206.7604,367.46872,354.78125,709.44794,273.1146,709.44794,359.8854,872.78125,288.4271,872.78125,359.8854,1000.38544,303.7396,1005.4896,1.0,1.0,1.0,1.0,0.0,2.0,2
300.11264,481.9642,310.33398,476.85352,295.00195,471.74283,330.7767,497.29623,279.66992,502.4069,361.44077,533.071,259.2272,538.18164,407.43686,451.30014,218.3418,461.52148,427.87955,379.75064,208.12044,374.63998,346.10873,711.94464,274.55923,711.94464,356.33008,875.4863,289.89127,880.597,356.33008,1003.25323,300.11264,1003.25323,1.0,1.0,1.0,1.0,0.0,2.0,2
299.52148,488.91602,314.93164,478.64258,294.38477,478.64258,330.3418,499.18945,278.9746,504.32617,366.29883,530.00977,258.42773,540.2832,407.39258,452.95898,217.33398,458.0957,433.07617,381.04492,207.06055,370.77148,350.88867,714.93164,273.8379,720.06836,356.0254,879.30664,289.24805,884.44336,356.0254,1007.7246,299.52148,1007.7246,1.0,1.0,1.0,1.0,0.0,2.0,3
300.40756,490.96744,310.7461,485.7982,295.23828,485.7982,331.4232,501.306,279.73047,506.47525,357.26953,537.4909,259.05338,542.66016,408.96225,454.78256,217.69922,459.9518,429.6393,382.41275,207.36067,377.2435,352.10025,718.41534,274.5612,723.58466,352.10025,883.83203,290.069,883.83203,357.26953,1013.0638,295.23828,1007.89453,1.0,1.0,1.0,1.0,0.0,2.0,3
305.4629,497.6543,315.89258,492.43945,295.0332,492.43945,331.5371,508.08398,284.60352,513.2988,352.39648,544.5879,258.5293,549.80273,404.54492,455.93555,216.81055,461.1504,430.61914,388.14258,206.38086,377.7129,352.39648,727.1074,274.17383,727.1074,352.39648,888.7676,289.81836,893.9824,352.39648,1019.1387,295.0332,1013.9238,1.0,1.0,1.0,1.0,0.0,2.0,3
304.3815,498.73828,314.8763,493.49088,293.88672,493.49088,330.6185,509.23306,283.39194,514.48047,356.85547,545.96484,257.15494,551.2122,404.08203,456.75912,215.17578,467.2539,430.319,388.54297,204.68098,378.0482,351.60806,729.6237,278.14453,729.6237,351.60806,892.29297,288.6393,897.54034,351.60806,1023.47784,293.88672,1023.47784,1.0,1.0,1.0,1.0,0.0,2.0,3
304.93033,499.0879,315.38608,493.86002,294.4746,493.86002,331.06967,514.7715,284.0189,519.9993,351.9811,546.1387,257.87955,551.3665,404.25977,457.26498,216.05664,462.49283,430.39908,389.30273,205.6009,378.84702,346.75327,729.11395,273.56314,729.11395,351.9811,896.4056,284.0189,901.6335,351.9811,1021.8743,294.4746,1021.8743,1.0,1.0,1.0,1.0,0.0,2.0,3
304.8978,500.52148,315.37955,495.2806,294.41602,495.2806,331.1022,511.00327,283.93423,516.24414,357.30664,547.68945,257.72983,552.93036,404.4746,458.5944,215.80273,463.8353,430.67905,390.4629,205.32097,379.9811,346.82486,731.1204,278.69336,731.1204,352.06577,898.8288,283.93423,898.8288,352.06577,1019.36914,294.41602,1024.61,1.0,1.0,1.0,1.0,0.0,2.0,3
310.2754,501.48636,315.42514,496.3366,299.97592,496.3366,336.02408,511.78583,284.5267,516.93555,361.7728,547.834,258.77798,547.834,402.9707,460.28842,217.5801,465.43817,428.7194,388.19208,207.28061,383.04236,346.32358,728.0749,274.2272,728.0749,351.4733,892.8665,284.5267,892.8665,346.32358,1016.46027,294.82617,1016.46027,1.0,1.0,1.0,1.0,0.0,2.0,3
305.2233,502.18555,315.44467,491.9642,295.00195,497.07486,340.99805,512.4069,284.7806,512.4069,366.55142,548.18164,259.2272,548.18164,407.43686,461.30014,218.3418,471.52148,427.87955,394.86133,208.12044,384.63998,351.2194,727.05536,274.55923,727.05536,351.2194,890.597,284.7806,890.597,346.10873,1008.1426,289.89127,1013.25323,1.0,1.0,1.0,1.0,0.0,2.0,3
305.28842,497.23373,315.45767,492.14908,300.20377,492.14908,345.96548,507.40298,284.94986,507.40298,366.30405,542.9954,259.5267,548.0801,412.06577,461.64127,218.84961,471.81055,427.31967,395.54102,208.68034,385.37173,351.05014,720.9577,274.7806,720.9577,351.05014,883.666,284.94986,878.58136,345.96548,1000.6126,284.94986,1005.69727,1.0,1.0,1.0,1.0,0.0,2.0,3
304.96744,493.92056,314.9935,488.90756,299.95444,483.89453,345.07162,503.94662,289.92838,503.94662,370.13672,539.0378,259.85025,544.0508,410.24088,473.8685,219.7461,468.85547,430.29297,398.6732,209.72005,388.64713,355.09766,714.49347,279.90234,709.48047,350.08463,874.91016,284.91537,869.89716,345.07162,990.20966,284.91537,990.20966,1.0,1.0,1.0,1.0,0.0,2.0,3
308.06967,477.82358,317.61392,473.05142,298.5254,473.05142,341.4746,496.9121,284.20898,487.36783,370.10742,530.3171,260.3483,535.0892,417.82877,473.05142,217.3991,473.05142,432.14517,401.4694,207.85481,391.92514,355.79102,702.11395,279.43686,697.3418,355.79102,850.0501,274.6647,859.5944,346.24673,969.3535,279.43686,974.1257,1.0,1.0,1.0,1.0,0.0,2.0,3
312.5078,469.91928,321.83072,460.59637,298.52344,469.91928,345.13803,479.24222,284.53906,483.90366,373.10678,525.8568,256.5703,525.8568,419.72134,474.58075,214.6172,469.91928,433.70572,395.33597,205.29428,390.6745,349.79947,684.3464,279.8776,684.3464,359.1224,838.17444,275.21616,847.4974,345.13803,954.71094,275.21616,950.04944,0.0,1.0,1.0,1.0,0.0,2.0,3
312.73242,458.6582,321.75586,449.63477,299.19727,454.14648,339.80273,472.19336,285.6621,476.70508,371.38477,517.31055,258.5918,521.82227,421.01367,476.70508,208.96289,472.19336,430.0371,395.49414,208.96289,390.98242,353.3379,675.2207,281.1504,675.2207,357.8496,824.1074,276.63867,833.13086,344.31445,945.9238,276.63867,959.459,0.0,1.0,1.0,1.0,0.0,2.0,3
312.31055,449.36914,325.68945,440.44986,298.93164,440.44986,339.06836,467.20767,285.55273,467.20767,370.2858,511.80405,258.79492,511.80405,423.80142,476.12695,205.2793,467.20767,432.7207,400.31314,205.2793,391.3939,352.44727,667.8913,281.0931,667.8913,356.9069,819.51886,276.63345,819.51886,343.52798,939.929,272.17383,944.3887,0.0,1.0,1.0,1.0,0.0,2.0,3
308.16016,420.3477,321.16797,416.01175,299.48828,416.01175,338.51172,442.02737,282.14453,442.02737,368.86328,489.7227,260.46484,494.05862,429.5664,476.71487,199.76173,468.043,433.90234,398.668,208.43361,398.668,351.51953,632.8086,282.14453,632.8086,355.85547,797.5742,282.14453,793.2383,342.84766,923.3164,273.47266,931.9883,0.0,1.0,1.0,1.0,0.0,2.0,3
310.56445,413.2233,323.43555,404.64255,297.69336,408.93292,336.30664,434.6751,284.82227,434.6751,366.3392,477.57877,263.37042,481.8691,430.69467,477.57877,194.7246,473.2884,434.98505,400.35217,207.59569,400.35217,353.4681,627.7415,284.82227,627.7415,357.75845,786.48505,280.5319,782.1947,344.88736,919.4863,276.24155,928.0671,0.0,1.0,1.0,1.0,0.0,2.0,3
311.2207,397.67642,319.5931,393.49023,298.6621,393.49023,336.3379,422.7936,286.10352,418.60742,365.64127,468.8418,260.98633,468.8418,428.43423,477.2142,194.00716,473.02798,436.80664,401.86264,206.56575,397.67642,353.08267,615.3587,286.10352,611.17255,357.2689,778.6204,281.91733,774.43427,344.7103,912.5788,277.7311,916.76495,0.0,1.0,1.0,1.0,0.0,2.0,3
307.2461,386.2461,319.55078,378.04297,299.04297,378.04297,340.0586,410.85547,286.73828,406.7539,368.76953,455.97266,262.1289,460.07422,430.29297,476.48047,192.40234,472.3789,434.39453,402.65234,204.70703,398.55078,352.36328,603.6289,286.73828,603.6289,356.46484,771.79297,282.63672,763.58984,348.26172,907.14453,278.53516,907.14453,0.0,1.0,1.0,1.0,0.0,2.0,3
299.36523,368.38867,315.48502,364.35873,299.36523,364.35873,319.51498,392.56836,291.30533,388.53842,371.9043,436.8978,259.06577,440.92773,428.32358,477.19727,194.5866,473.16733,436.38345,400.62827,206.67644,396.5983,355.78452,594.06573,283.24545,590.0358,355.78452,743.1738,283.24545,743.1738,347.7246,892.2819,279.21548,900.3418,0.0,1.0,1.0,1.0,1.0,2.0,3
307.49023,361.2207,319.50195,353.2129,299.48242,353.2129,339.52148,381.24023,291.4746,381.24023,371.55273,429.2871,259.44336,433.29102,431.61133,477.33398,195.38086,473.33008,435.61523,401.25977,207.39258,397.25586,351.5332,577.43164,287.4707,581.43555,359.54102,741.5918,283.4668,741.5918,351.5332,885.7324,283.4668,893.74023,0.0,1.0,1.0,1.0,1.0,2.0,3
312.52344,350.1328,320.4922,346.14844,300.5703,346.14844,340.41406,370.0547,284.6328,374.03906,372.28906,425.83594,260.72656,429.8203,432.0547,477.6328,196.97656,477.6328,436.03906,405.91406,204.94531,393.96094,356.35156,585.21094,288.6172,581.22656,356.35156,740.60156,284.6328,740.60156,348.3828,884.03906,284.6328,888.02344,0.0,1.0,1.0,1.0,1.0,2.0,3
312.51367,347.1608,320.49545,339.17905,300.54102,343.16992,340.44986,367.11523,284.57748,371.1061,372.37695,422.98764,260.63217,426.97852,432.24023,474.86914,200.76888,474.86914,436.2311,407.02408,204.75977,399.04233,356.41342,582.62305,288.56836,582.62305,360.4043,742.2585,288.56836,738.2676,352.42252,881.93945,284.57748,881.93945,0.0,1.0,1.0,1.0,1.0,2.0,3
312.46484,351.34766,320.51172,343.30078,300.39453,343.30078,340.6289,371.46484,284.30078,367.4414,372.8164,423.76953,260.16016,427.79297,429.14453,476.07422,199.8086,476.07422,433.16797,407.67578,203.83203,399.6289,356.72266,580.6836,288.32422,584.70703,360.7461,741.6211,288.32422,741.6211,352.69922,878.41797,288.32422,878.41797,0.0,1.0,1.0,1.0,1.0,2.0,3
308.4414,354.34766,320.51172,350.32422,300.39453,350.32422,340.6289,374.46484,284.30078,374.46484,372.8164,426.76953,260.16016,430.79297,433.16797,479.07422,199.8086,475.05078,437.1914,406.65234,203.83203,398.60547,356.72266,583.6836,288.32422,587.70703,360.7461,744.6211,292.34766,744.6211,352.69922,881.41797,288.32422,885.4414,0.0,1.0,1.0,1.0,1.0,3.0,3
307.9414,359.32422,320.01172,355.30078,303.91797,355.30078,340.1289,383.46484,291.84766,383.46484,372.3164,435.76953,259.66016,435.76953,436.6914,476.0039,195.28516,471.98047,436.6914,403.58203,207.35547,395.53516,356.22266,592.6836,287.82422,592.6836,360.2461,749.59766,291.84766,749.59766,352.19922,882.3711,287.82422,886.39453,0.0,1.0,1.0,1.0,1.0,3.0,3
299.80664,372.5137,315.97852,364.42776,295.76367,364.42776,340.23633,392.72855,287.67773,392.72855,372.58008,441.24417,263.41992,445.28714,437.26758,477.6309,190.6465,473.58792,437.26758,404.85745,206.81837,396.7715,356.4082,598.9199,287.67773,598.9199,364.49414,756.5957,291.7207,756.5957,356.4082,894.05664,291.7207,894.05664,0.0,1.0,1.0,1.0,0.0,3.0,3
306.63217,389.71548,319.07358,385.56836,298.3379,385.56836,339.80923,410.45117,285.89648,414.5983,372.98633,460.2168,256.86655,464.36392,439.34048,476.80533,190.51237,468.51108,435.19336,406.30405,207.1009,398.00977,356.3978,617.8079,290.0436,613.6608,364.69205,775.3991,294.19077,775.3991,356.3978,912.2546,294.19077,916.4017,0.0,1.0,1.0,1.0,0.0,3.0,3
306.95312,402.10938,319.60938,397.89062,298.51562,397.89062,340.70312,427.42188,285.85938,427.42188,370.23438,473.82812,260.54688,473.82812,437.73438,478.04688,193.04688,469.60938,437.73438,406.32812,205.70312,402.10938,357.57812,625.7031,290.07812,625.7031,366.01562,781.7969,294.29688,790.2344,357.57812,921.0156,294.29688,929.4531,0.0,1.0,1.0,1.0,0.0,3.0,3
307.1439,414.7819,320.17123,410.43945,298.45898,410.43945,337.54102,440.83658,285.43164,436.49414,372.2806,484.26108,259.37695,488.60352,433.07486,479.9186,194.24023,475.57617,433.07486,406.09702,207.26758,401.75455,354.9108,636.24677,289.77408,640.5892,367.93814,796.9173,294.11655,796.9173,359.25327,927.19073,294.11655,931.5332,0.0,1.0,1.0,1.0,0.0,3.0,3
306.52994,426.30078,319.694,421.91275,297.7539,421.91275,337.2461,448.24088,284.58984,448.24088,367.96225,492.1211,258.26172,496.50912,433.78256,483.34506,192.4414,474.569,433.78256,408.7487,205.60547,399.97266,354.7982,641.3138,288.97787,650.08984,367.96225,803.6706,293.36588,808.0586,363.57422,939.6992,293.36588,939.6992,0.0,1.0,1.0,1.0,0.0,3.0,3
305.20444,448.7565,318.75912,439.72006,296.16797,444.23828,336.83203,466.82944,282.61328,462.3112,368.45963,512.0117,260.02213,512.0117,431.71484,480.38412,192.2487,475.86588,431.71484,408.09244,205.80339,403.57422,359.4232,674.66797,287.1315,674.66797,368.45963,828.2878,291.64975,828.2878,363.9414,954.79816,296.16797,968.35284,0.0,1.0,1.0,1.0,0.0,3.0,3
305.0254,458.5332,318.79492,453.94336,295.8457,453.94336,337.1543,476.89258,282.07617,476.89258,369.2832,518.2012,259.12695,522.791,433.54102,481.48242,194.86914,476.89258,433.54102,408.04492,204.04883,398.86523,355.51367,683.43555,286.66602,683.43555,369.2832,834.9004,295.8457,834.9004,364.69336,963.416,300.43555,968.00586,0.0,1.0,1.0,1.0,0.0,3.0,3
305.8789,465.60547,315.17578,460.95703,291.9336,460.95703,333.76953,479.55078,277.98828,488.84766,366.3086,526.03516,259.39453,530.6836,431.38672,484.19922,198.96484,479.55078,431.38672,405.17578,203.61328,400.52734,357.01172,688.73047,287.28516,688.73047,366.3086,846.77734,291.9336,846.77734,366.3086,958.33984,301.23047,976.9336,0.0,1.0,1.0,1.0,0.0,3.0,3
305.73242,476.50195,315.14648,467.0879,291.61133,467.0879,333.9746,490.62305,277.49023,495.33008,371.63086,532.9863,258.6621,537.69336,428.11523,481.20898,197.4707,481.20898,432.82227,405.89648,206.88477,401.18945,357.50977,697.7324,286.9043,693.0254,371.63086,853.06445,296.31836,853.06445,366.92383,980.1543,301.0254,984.8613,0.0,1.0,1.0,1.0,0.0,3.0,3
303.79297,487.0664,313.5586,482.1836,294.02734,482.1836,333.08984,501.71484,279.3789,506.59766,367.26953,540.77734,254.96484,545.66016,420.98047,482.1836,206.13672,482.1836,430.7461,404.0586,206.13672,399.17578,357.5039,716.5586,284.26172,716.5586,367.26953,867.9258,294.02734,867.9258,367.26953,994.8789,298.91016,1004.64453,0.0,1.0,1.0,1.0,0.0,3.0,3
308.5586,491.35547,318.48047,486.39453,293.67578,486.39453,333.36328,506.23828,278.79297,511.19922,363.1289,545.9258,253.98828,550.8867,417.69922,481.4336,209.33984,486.39453,432.58203,407.01953,209.33984,402.0586,358.16797,719.5586,283.7539,719.5586,363.1289,878.3086,293.67578,878.3086,363.1289,1002.33203,303.59766,1012.2539,0.0,1.0,1.0,1.0,0.0,3.0,3
303.82095,495.5983,313.9642,490.52667,293.67773,490.52667,334.25064,510.81314,278.4629,515.88477,364.68033,551.38605,253.10481,556.45764,420.4681,480.38345,212.53189,485.45505,430.61133,409.38083,207.46028,399.2376,354.5371,723.821,283.53452,723.821,364.68033,881.041,293.67773,886.1127,364.68033,1007.8314,303.82095,1012.903,0.0,1.0,1.0,1.0,0.0,3.0,3
303.20703,506.16797,313.4414,495.9336,292.97266,495.9336,333.91016,521.51953,277.6211,521.51953,364.61328,552.22266,257.15234,557.33984,415.78516,480.58203,211.09766,490.8164,431.13672,408.9414,205.98047,403.82422,359.4961,736.4414,282.73828,731.3242,364.61328,884.83984,292.97266,889.95703,364.61328,1012.76953,308.32422,1017.8867,0.0,1.0,1.0,1.0,0.0,3.0,3
304.17447,511.70572,314.4349,506.57553,293.91406,506.57553,334.95572,527.0964,278.52344,521.9661,365.73697,557.8776,258.0026,563.0078,411.90884,480.92447,216.96094,486.0547,432.4297,403.97134,206.70052,398.84116,355.47656,742.5651,283.65366,737.4349,360.60678,901.60156,293.91406,896.4714,360.60678,1024.7266,304.17447,1029.8568,1.0,1.0,1.0,1.0,0.0,3.0,3
304.0768,517.1367,314.41537,511.96744,293.73828,511.96744,335.09244,527.4753,278.23047,527.4753,360.9388,563.66016,257.55338,563.66016,407.46225,480.9518,216.19922,491.29037,428.1393,408.58203,205.86067,398.2435,355.76953,744.58466,278.23047,744.58466,360.9388,904.83203,293.73828,904.83203,360.9388,1028.8945,304.0768,1028.8945,1.0,1.0,1.0,1.0,0.0,3.0,3
304.0931,517.9199,314.4186,512.75714,293.76758,512.75714,335.06967,533.4082,278.2793,528.2454,360.88345,559.222,257.62827,564.38477,407.3483,481.7806,216.32617,486.94336,427.99936,404.3392,206.00066,399.17642,355.7207,745.08136,278.2793,750.24414,360.88345,910.28973,293.76758,910.28973,360.88345,1034.1959,304.0931,1039.3588,1.0,1.0,1.0,1.0,0.0,3.0,3
304.02798,522.9759,314.4056,517.7871,293.6504,512.5983,335.1608,528.16473,278.08398,528.16473,361.10483,559.29755,257.32877,564.4863,407.80405,481.46548,215.81836,486.6543,428.55923,408.82227,205.44075,398.44467,355.91602,746.0944,278.08398,751.2832,361.10483,912.13605,293.6504,917.3249,361.10483,1031.4785,304.02798,1041.8561,1.0,1.0,1.0,1.0,0.0,3.0,3
309.1875,527.8542,319.60416,517.4375,293.5625,517.4375,335.22916,527.8542,277.9375,527.8542,366.47916,559.1042,257.10416,564.3125,408.14584,480.97916,215.4375,486.1875,428.97916,408.0625,210.22917,402.85416,356.0625,751.8125,277.9375,757.0208,356.0625,913.2708,288.35416,923.6875,361.27084,1048.6875,298.77084,1048.6875,1.0,1.0,1.0,1.0,0.0,3.0,3
308.64844,528.77344,319.1172,518.3047,292.9453,518.3047,334.8203,528.77344,277.2422,528.77344,360.9922,560.1797,256.3047,565.41406,402.8672,476.42966,219.66405,486.8984,429.03906,408.38278,209.1953,397.91403,355.7578,759.08594,277.2422,759.08594,355.7578,916.1172,292.9453,921.35156,355.7578,1041.7422,298.1797,1052.2109,1.0,1.0,1.0,1.0,0.0,3.0,3
308.6582,528.54364,319.11392,523.31573,292.9746,518.0879,334.79752,528.54364,277.29102,528.54364,366.1647,559.9108,256.37955,565.1387,402.75977,481.49283,219.7845,486.7207,428.89908,408.30273,209.32878,397.84702,355.70898,758.56964,277.29102,758.56964,355.70898,915.4056,292.9746,925.8613,355.70898,1046.1022,298.20248,1051.3301,1.0,1.0,1.0,1.0,0.0,3.0,3
303.44662,533.53516,319.1107,523.09247,293.0039,523.09247,339.9961,528.3138,277.33984,528.3138,366.10287,564.8633,256.45444,564.8633,402.65234,481.32162,219.90495,486.54297,428.75912,408.22266,209.46223,397.77994,355.66016,763.2747,277.33984,763.2747,355.66016,914.69403,287.78256,925.1367,355.66016,1045.2279,298.22525,1055.6705,1.0,1.0,1.0,1.0,0.0,3.0,3
303.43033,531.7715,319.11392,521.31573,292.9746,521.31573,340.0254,526.54364,282.5189,526.54364,366.1647,563.1387,261.60742,563.1387,402.75977,479.49283,219.7845,484.7207,428.89908,406.30273,209.32878,401.07486,355.70898,761.79755,277.29102,761.79755,355.70898,913.4056,287.74673,923.8613,350.4811,1038.8744,292.9746,1049.3301,1.0,1.0,1.0,1.0,0.0,3.0,3
303.97916,531.0625,319.60416,520.6458,293.5625,515.4375,340.4375,525.8542,277.9375,525.8542,366.47916,562.3125,257.10416,562.3125,408.14584,478.97916,215.4375,484.1875,428.97916,406.0625,210.22917,400.85416,350.85416,755.0208,277.9375,755.0208,350.85416,911.2708,288.35416,916.4792,350.85416,1031.0625,293.5625,1041.4791,1.0,1.0,1.0,1.0,0.0,3.0,3
309.23633,524.7051,319.5879,514.3535,293.70898,514.3535,340.29102,519.5293,278.18164,519.5293,366.16992,560.93555,257.47852,560.93555,407.57617,478.12305,216.07227,483.29883,428.2793,405.6621,205.7207,395.31055,355.81836,752.43945,278.18164,752.43945,350.64258,907.7129,288.5332,912.8887,355.81836,1031.9316,293.70898,1037.1074,1.0,1.0,1.0,1.0,0.0,3.0,3
308.75586,519.0827,319.0814,508.75717,293.26758,508.75717,339.73242,519.0827,282.94205,519.0827,365.54623,560.38477,257.12827,565.54755,406.8483,477.7806,220.98894,482.94336,427.49936,405.50195,210.6634,395.17642,355.2207,746.24414,277.7793,746.24414,350.05795,901.12695,288.10483,901.12695,350.05795,1019.8704,293.26758,1030.1959,1.0,1.0,1.0,1.0,0.0,3.0,3
309.60742,510.0436,319.4642,500.18686,294.82227,500.18686,339.17773,510.0436,284.96548,510.0436,368.74805,549.4707,260.32358,554.3991,408.17514,480.4733,220.89648,480.4733,427.88867,406.54752,211.03972,396.69077,353.9629,726.8926,280.0371,726.8926,353.9629,879.67255,280.0371,884.6009,349.03452,997.9538,284.96548,1002.88214,1.0,1.0,1.0,1.0,0.0,3.0,3
309.2832,500.2129,323.7168,495.4017,299.6608,490.59048,342.96158,505.02408,280.41602,505.02408,367.01758,548.3249,261.17123,548.3249,410.31836,480.9681,217.87044,480.9681,429.56314,408.80014,208.24805,394.36655,357.39517,711.9056,280.41602,711.9056,357.39517,875.4863,280.41602,875.4863,347.7728,986.14386,285.2272,990.9551,1.0,1.0,1.0,1.0,0.0,3.0,3
311.44922,492.1263,320.85025,482.72525,302.0482,482.72525,339.65234,492.1263,283.2461,492.1263,367.85547,539.13153,259.7435,543.83203,414.8607,482.72525,217.4388,478.02475,428.96225,402.8164,208.03777,398.11588,353.7539,703.6497,278.54556,703.6497,358.45444,858.7669,278.54556,863.46747,349.05338,971.5794,283.2461,985.68097,1.0,1.0,1.0,1.0,0.0,3.0,3
312.125,483.87497,321.29166,474.7083,298.375,474.7083,339.625,488.4583,284.625,488.4583,371.70834,534.2916,257.125,534.2916,417.5417,483.87497,215.87498,474.7083,431.2917,401.37497,206.70833,396.79163,353.375,699.2917,280.04166,694.7083,357.95834,845.9584,280.04166,855.125,344.20834,960.5417,280.04166,974.2917,0.0,1.0,1.0,1.0,0.0,3.0,3
311.83008,467.39258,320.7233,458.49936,298.49023,458.49936,338.50977,471.8392,285.1504,471.8392,369.63608,516.30536,262.91733,520.75195,418.54883,480.73242,209.55794,476.2858,431.88867,400.69336,209.55794,396.24673,351.8496,671.9368,285.1504,671.9368,360.74283,827.56836,280.70377,827.56836,342.9564,943.18036,276.25717,956.5202,0.0,1.0,1.0,1.0,0.0,3.0,3
306.9811,455.51108,320.20377,446.69595,298.16602,446.69595,337.83398,459.9186,284.94336,459.9186,368.68686,508.4017,258.49805,508.4017,421.57748,481.9564,205.60742,473.14127,430.39258,402.62045,205.60742,398.2129,355.4642,667.07355,284.94336,658.2585,359.87173,812.52277,280.5358,816.93036,346.64908,931.5267,276.12827,940.3418,0.0,1.0,1.0,1.0,0.0,3.0,3
311.4668,444.48242,320.17773,435.77148,298.4004,435.77148,337.5996,448.8379,280.97852,448.8379,368.0879,496.74805,263.55664,501.10352,424.70898,479.32617,202.58008,474.9707,433.41992,400.92773,206.93555,400.92773,355.02148,653.5449,285.33398,649.18945,359.37695,805.9863,280.97852,805.9863,341.95508,927.93945,276.62305,936.6504,0.0,1.0,1.0,1.0,0.0,3.0,3
306.22525,437.1107,319.15494,424.181,297.60547,428.49088,336.39453,441.42056,284.67578,441.42056,366.5638,488.82944,263.1263,493.1393,426.90234,475.89975,198.47786,471.58984,431.21225,402.6315,207.09766,402.6315,353.63412,643.98566,284.67578,639.6758,362.2539,794.83203,280.36588,794.83203,345.0143,919.81903,276.056,924.1289,0.0,1.0,1.0,1.0,0.0,3.0,3
308.13217,411.5983,320.57358,403.30405,295.69077,407.45117,337.1621,419.89258,283.24936,415.74545,366.19205,465.51108,262.51367,473.80533,428.39908,477.95248,200.30664,473.80533,432.54623,403.30405,204.45378,399.1569,353.75064,627.2493,287.39648,627.2493,362.04492,776.5462,283.24936,776.5462,345.4564,909.2546,279.1022,913.4017,0.0,1.0,1.0,1.0,0.0,3.0,3
307.77866,402.46616,320.04428,394.28906,299.60156,394.28906,340.48697,406.5547,283.2474,406.5547,369.10678,459.70572,262.8047,463.79428,426.34634,476.0599,201.47656,471.97134,434.52344,402.46616,205.56511,398.3776,352.7526,615.0703,287.33594,610.98175,356.84116,766.3464,283.2474,770.4349,348.66406,905.35675,279.15884,909.4453,0.0,1.0,1.0,1.0,0.0,3.0,3
311.93555,394.72855,324.06445,386.6426,299.80664,386.6426,340.23633,398.7715,283.63477,402.81448,372.58008,447.28714,259.37695,455.37308,425.13867,475.58792,202.7754,471.54495,433.2246,402.81448,206.81837,398.7715,356.4082,604.9629,287.67773,604.9629,360.45117,758.5957,283.63477,758.5957,344.2793,900.0996,279.5918,900.0996,0.0,1.0,1.0,1.0,0.0,3.0,3
307.95767,387.39127,320.00845,379.35742,299.92383,379.35742,340.0931,391.4082,283.8561,391.4082,372.22852,443.62827,259.75455,447.64517,424.44858,475.76367,203.51758,471.74673,432.48242,403.45898,207.5345,395.42514,356.1608,600.2884,287.87305,600.2884,360.17773,744.89777,283.8561,748.91473,344.11002,893.5241,279.8392,893.5241,0.0,1.0,1.0,1.0,0.0,3.0,3
309.63672,378.63672,325.41797,374.6914,297.80078,374.6914,341.19922,382.58203,285.96484,386.52734,372.76172,433.8711,262.29297,437.8164,427.9961,477.26953,203.11328,469.3789,431.9414,402.3086,207.0586,394.41797,356.98047,591.6836,289.91016,591.6836,360.92578,745.5508,285.96484,741.60547,349.08984,887.58203,282.01953,879.6914,0.0,1.0,1.0,1.0,0.0,3.0,3
313.0918,380.50845,324.9082,372.63086,301.2754,372.63086,340.66342,384.44727,285.52017,384.44727,372.17383,435.6517,261.88736,439.59048,427.31705,475.0397,202.80534,471.10092,435.19467,404.14127,206.74414,396.26367,356.4186,593.2038,289.45898,593.2038,360.35742,742.87823,285.52017,738.93945,348.54102,884.6751,281.5814,884.6751,0.0,1.0,1.0,1.0,0.0,3.0,3
309.13672,382.58203,324.91797,374.6914,301.2461,374.6914,344.64453,386.52734,285.46484,386.52734,376.20703,437.8164,261.79297,441.76172,427.4961,477.26953,202.61328,469.3789,431.4414,402.3086,206.5586,394.41797,356.48047,591.6836,289.41016,591.6836,360.42578,745.5508,285.46484,741.60547,348.58984,887.58203,285.46484,883.6367,0.0,1.0,1.0,1.0,0.0,3.0,3
312.0039,385.17056,323.9961,377.17578,300.01172,377.17578,339.9857,389.16797,284.02213,389.16797,375.96225,441.13412,264.03516,445.1315,427.92838,473.11328,204.07422,469.11588,431.92578,401.16016,208.07161,397.16275,355.97525,597.03253,288.01953,597.03253,359.97266,748.9336,284.02213,744.9362,351.97787,888.84247,284.02213,888.84247,0.0,1.0,1.0,1.0,0.0,3.0,3
310.89648,398.11783,323.10352,385.9108,298.68945,385.9108,339.37955,402.18686,286.48242,402.18686,371.93164,455.08398,262.06836,459.15298,432.9668,475.42905,201.0332,467.29102,432.9668,402.18686,205.10222,394.04883,355.6556,605.6374,286.48242,605.6374,359.7246,756.19073,286.48242,756.19073,351.58658,898.60614,286.48242,902.6751,0.0,1.0,1.0,1.0,0.0,3.0,3
310.81836,402.93164,323.18164,394.68945,298.45508,398.81055,339.66602,411.17383,286.0918,411.17383,372.63477,460.62695,261.36523,464.74805,434.45117,472.99023,199.54883,468.86914,434.45117,402.93164,207.79102,394.68945,356.1504,617.2285,286.0918,613.1074,360.27148,765.5879,286.0918,761.4668,352.0293,909.8262,286.0918,909.8262,0.0,1.0,1.0,1.0,0.0,3.0,3
310.6914,411.5534,319.10287,407.3477,298.07422,407.3477,340.1315,419.96487,285.45703,419.96487,369.5716,470.43362,260.22266,470.43362,428.4518,474.63934,197.13673,470.43362,432.65753,398.93622,205.54819,398.93622,356.95444,626.0456,285.45703,626.0456,361.16016,777.4518,289.66275,773.2461,352.7487,916.24084,285.45703,920.4466,0.0,1.0,1.0,1.0,0.0,3.0,3
310.51562,423.43228,319.16147,414.78647,297.54688,414.78647,340.77603,432.07812,280.25522,432.07812,366.71353,483.95312,258.64062,483.95312,431.55728,475.30728,193.79688,470.98438,431.55728,401.81772,206.76562,397.49478,358.06772,635.2552,284.57812,635.2552,362.39062,786.5573,288.90103,786.5573,353.74478,924.8906,284.57812,929.21356,0.0,1.0,1.0,1.0,0.0,3.0,3
304.3672,441.30466,317.72656,432.3984,295.46094,432.3984,335.53906,450.2109,277.64844,450.2109,366.71094,499.19528,255.38281,499.19528,429.0547,476.92966,193.03905,472.47653,433.5078,401.22653,206.39842,396.7734,357.8047,659.5078,282.10156,659.5078,362.2578,806.46094,286.5547,806.46094,357.8047,948.96094,286.5547,940.0547,0.0,1.0,1.0,1.0,0.0,3.0,3
303.70444,452.79297,312.74088,439.23828,290.14975,443.7565,335.33203,457.3112,276.59506,461.82944,366.95963,511.52994,254.0039,507.01172,425.69662,475.38412,190.7487,470.86588,430.21484,403.09244,208.82161,394.056,357.9232,669.66797,285.6315,665.1497,362.4414,818.76953,285.6315,818.76953,353.40494,954.3164,285.6315,949.79816,0.0,1.0,1.0,1.0,0.0,3.0,3
303.4603,457.7819,312.69205,448.5501,289.61264,453.166,331.1556,467.01364,275.76498,467.01364,368.08267,517.7884,252.68555,517.7884,428.0892,480.8613,192.67903,471.62955,432.70508,397.77536,206.52669,393.1595,354.23502,674.7285,284.99673,674.7285,358.85092,831.66864,289.61264,831.66864,354.23502,965.5293,284.99673,947.0658,0.0,1.0,1.0,1.0,0.0,3.0,3
303.28125,464.28125,312.65625,454.90625,289.21875,459.59375,331.40625,473.65625,275.15625,483.03125,364.21875,525.21875,251.71875,525.21875,425.15625,478.34375,195.46875,473.65625,429.84375,398.65625,204.84375,393.96875,354.84375,684.59375,284.53125,684.59375,359.53125,839.28125,284.53125,843.96875,359.53125,979.90625,289.21875,970.53125,0.0,1.0,1.0,1.0,0.0,3.0,3
296.97852,477.49414,311.56836,472.63086,287.25195,477.49414,326.1582,487.2207,272.6621,492.08398,365.06445,535.8535,248.3457,535.8535,418.56055,477.49414,199.71289,472.63086,428.2871,399.68164,204.57617,389.95508,355.3379,706.06836,282.38867,701.2051,360.20117,856.8301,287.25195,861.69336,355.3379,993.00195,292.11523,1002.7285,0.0,1.0,1.0,1.0,0.0,3.0,3
296.65952,486.11914,311.5228,481.1647,286.75064,481.1647,331.34048,496.02798,271.88736,505.93686,366.02148,535.6634,252.06966,540.61786,415.56577,476.2103,202.52539,476.2103,430.42905,401.8939,207.47981,391.98502,356.11264,714.02277,281.79623,714.02277,361.06705,867.61005,286.75064,867.61005,356.11264,996.4251,291.70508,1006.334,0.0,1.0,1.0,1.0,0.0,3.0,3
296.79492,491.2754,306.9121,486.2168,286.67773,486.2168,327.14648,501.39258,271.50195,506.45117,362.55664,541.8613,256.32617,546.9199,413.14258,476.0996,210.79883,481.1582,428.31836,400.2207,205.74023,390.10352,352.43945,718.9121,281.61914,718.9121,362.55664,875.7285,286.67773,875.7285,357.49805,997.13477,291.73633,1007.25195,0.0,1.0,1.0,1.0,0.0,3.0,3
297.97592,494.03714,308.2754,488.8874,287.67642,488.8874,328.87436,504.3366,272.2272,514.6361,359.7728,545.53455,251.62827,550.68427,411.27017,473.43817,210.43034,478.58792,431.86914,401.34183,205.28061,391.04236,354.62305,730.9251,277.37695,725.7754,359.7728,880.2676,287.67642,885.4173,359.7728,1014.16077,292.82617,1014.16077,1.0,1.0,1.0,1.0,0.0,3.0,3
298.88477,505.17773,309.23633,500.00195,283.35742,500.00195,329.93945,520.7051,273.00586,520.7051,360.99414,551.75977,257.47852,556.93555,407.57617,474.12305,210.89648,479.29883,428.2793,396.48633,205.7207,391.31055,355.81836,738.0879,278.18164,732.9121,360.99414,898.5371,288.5332,898.5371,355.81836,1022.75586,293.70898,1027.9316,1.0,1.0,1.0,1.0,0.0,3.0,3
298.86197,505.38803,309.22656,500.20575,283.3151,505.38803,329.95572,520.93494,272.95053,520.93494,361.04947,552.0287,257.40366,557.21094,407.6901,469.112,215.94533,479.4766,428.41925,396.55994,205.58073,391.37762,355.8672,738.5911,278.1328,738.5911,355.8672,899.2422,288.4974,904.42444,355.8672,1023.6172,293.6797,1028.7994,1.0,1.0,1.0,1.0,0.0,3.0,3
299.88477,509.35352,310.23633,504.17773,284.35742,504.17773,330.93945,524.88086,274.00586,519.7051,361.99414,555.93555,258.47852,561.1113,408.57617,473.12305,217.07227,478.29883,429.2793,400.6621,206.7207,390.31055,356.81836,742.2637,279.18164,747.43945,356.81836,902.7129,289.5332,907.8887,356.81836,1026.9316,294.70898,1032.1074,1.0,1.0,1.0,1.0,0.0,3.0,3
298.86197,510.57034,309.22656,505.38803,288.4974,505.38803,329.95572,526.1172,272.95053,520.93494,361.04947,552.0287,257.40366,562.39325,402.5078,469.112,215.94533,479.4766,428.41925,396.55994,205.58073,391.37762,355.8672,748.95575,278.1328,748.95575,355.8672,904.42444,288.4974,909.60675,355.8672,1028.7994,293.6797,1033.9817,1.0,1.0,1.0,1.0,0.0,3.0,3
299.3164,515.1992,314.90234,504.8086,288.92578,510.0039,330.48828,525.58984,278.53516,520.39453,361.66016,551.5664,257.7539,561.95703,403.22266,468.4414,216.1914,473.63672,429.19922,400.90234,205.80078,390.51172,356.46484,754.1836,278.53516,754.1836,351.26953,910.04297,288.92578,915.2383,356.46484,1029.5352,294.1211,1034.7305,1.0,1.0,1.0,1.0,0.0,3.0,3
299.27084,515.6458,314.89584,510.4375,288.85416,510.4375,335.72916,526.0625,273.22916,526.0625,356.5625,557.3125,257.60416,562.5208,398.22916,468.77084,215.9375,473.97916,429.47916,401.0625,205.52083,390.64584,356.5625,755.2292,278.4375,755.2292,351.35416,906.2708,288.85416,916.6875,351.35416,1031.2709,294.0625,1041.6875,1.0,1.0,1.0,1.0,0.0,3.0,3
299.24805,516.86914,314.89258,511.6543,294.0332,511.6543,335.75195,527.2988,278.38867,527.2988,351.39648,558.5879,257.5293,563.80273,398.33008,469.93555,221.02539,475.1504,424.4043,402.14258,205.38086,391.7129,356.61133,756.75195,278.38867,756.75195,351.39648,918.4121,288.81836,923.62695,351.39648,1033.1387,294.0332,1043.5684,1.0,1.0,1.0,1.0,0.0,3.0,3
304.97916,516.6458,315.39584,511.4375,294.5625,511.4375,336.22916,527.0625,278.9375,527.0625,351.85416,558.3125,258.10416,563.5208,398.72916,469.77084,221.64583,474.97916,429.97916,402.0625,206.02083,391.64584,357.0625,756.2292,278.9375,756.2292,351.85416,922.8958,284.14584,922.8958,351.85416,1047.8959,294.5625,1042.6875,1.0,1.0,1.0,1.0,0.0,3.0,3
304.99545,515.42255,315.39908,510.2207,294.5918,510.2207,341.4082,525.8262,278.98633,525.8262,351.81186,557.0371,263.38086,562.23895,398.62827,468.6061,221.76628,473.80795,424.63736,400.98242,206.16081,390.57877,357.01367,754.70636,278.98633,754.70636,351.81186,921.16473,284.18814,921.16473,351.81186,1046.0084,294.5918,1046.0084,1.0,1.0,1.0,1.0,0.0,3.0,3
305.02798,514.9759,315.4056,509.7871,294.6504,509.7871,341.3496,525.3535,279.08398,525.3535,367.2936,556.4863,263.51758,561.6751,398.42642,473.46548,222.00716,473.46548,424.37045,400.82227,206.44075,390.44467,356.91602,753.6608,279.08398,753.6608,351.7272,919.70245,284.2728,919.70245,351.7272,1044.2338,289.46158,1039.0449,1.0,1.0,1.0,1.0,0.0,3.0,3
305.06055,513.5293,320.5879,503.17773,294.70898,508.35352,341.29102,523.88086,279.18164,523.88086,367.16992,560.1113,263.6543,560.1113,403.4004,466.94727,222.24805,472.12305,429.2793,399.6621,206.7207,389.31055,356.81836,751.61523,279.18164,751.61523,351.64258,912.06445,284.35742,912.06445,346.4668,1041.459,289.5332,1041.459,1.0,1.0,1.0,1.0,0.0,3.0,3
305.56055,507.35352,321.0879,502.17773,295.20898,502.17773,346.9668,522.88086,279.68164,522.88086,362.49414,559.1113,258.97852,559.1113,403.9004,471.12305,222.74805,476.29883,429.7793,398.6621,207.2207,393.48633,357.31836,750.61523,279.68164,750.61523,352.14258,900.7129,279.68164,911.06445,346.9668,1024.9316,284.85742,1030.1074,1.0,1.0,1.0,1.0,0.0,3.0,3
312.39258,504.88474,322.5358,499.81314,297.17773,499.81314,342.82227,515.02795,281.9629,515.02795,368.18033,550.5293,261.67642,550.5293,408.75327,474.45505,221.1035,469.38345,429.03973,398.38083,210.96028,388.2376,358.0371,728.0358,281.9629,728.0358,358.0371,880.18427,276.89127,885.25586,347.8939,996.8314,281.9629,1012.04626,1.0,1.0,1.0,1.0,0.0,3.0,3
312.68555,496.38086,322.43814,491.50455,298.05664,491.50455,341.94336,506.13345,283.42773,506.13345,371.20117,545.14386,263.92252,545.14386,410.21158,476.87564,224.91211,471.99936,429.7168,398.85483,210.2832,389.1022,356.57227,715.81445,283.42773,715.81445,361.44858,871.85614,278.55142,871.85614,346.81967,984.01105,278.55142,993.7637,1.0,1.0,1.0,1.0,0.0,3.0,3
313.36133,492.47852,322.87955,487.7194,303.8431,487.7194,341.91602,501.99673,284.80664,501.99673,370.4707,540.06964,265.77017,544.8288,413.30273,473.44205,222.93816,473.44205,432.3392,397.29623,213.41992,387.77798,356.19336,706.6387,284.80664,706.6387,365.71158,858.93036,275.28842,863.68945,346.67514,973.1491,275.28842,982.6673,1.0,1.0,1.0,1.0,0.0,3.0,3
315.05664,484.88477,319.68555,475.62695,301.16992,475.62695,347.45898,494.14258,287.2832,494.14258,370.60352,540.43164,259.50977,535.80273,416.89258,475.62695,222.47852,470.99805,430.7793,401.56445,213.2207,392.30664,356.7168,697.81445,282.6543,693.18555,365.9746,845.93945,278.0254,855.19727,347.45898,957.0332,273.39648,980.17773,1.0,1.0,1.0,1.0,0.0,3.0,3
315.23242,477.70508,319.74414,473.19336,301.69727,473.19336,342.30273,486.72852,288.1621,486.72852,373.88477,531.8457,261.0918,527.334,419.00195,473.19336,220.48633,468.68164,432.5371,396.49414,211.46289,391.98242,355.8379,689.75586,279.13867,689.75586,364.86133,843.1543,274.62695,843.1543,346.81445,951.43555,274.62695,955.94727,1.0,1.0,1.0,1.0,0.0,3.0,3
310.94858,456.26105,324.2103,451.84048,302.10742,451.84048,341.89258,473.94333,288.8457,473.94333,372.83658,513.7285,262.32227,518.14905,421.4629,478.36392,213.69595,469.52277,434.7246,398.79358,213.69595,389.95245,355.1543,664.028,284.42514,659.6074,363.99545,814.3275,275.58398,814.3275,346.31314,929.2624,271.16342,942.5241,0.0,1.0,1.0,1.0,0.0,3.0,3
310.09506,449.35806,323.181,440.63412,301.3711,440.63412,340.6289,462.444,288.28516,462.444,371.16275,506.0638,262.11328,506.0638,423.5065,475.52994,209.76953,466.806,436.59244,397.0143,214.13152,392.65234,358.0768,654.3711,288.28516,645.64716,371.16275,802.6784,275.19922,802.6784,344.99088,924.8138,270.83725,937.8997,0.0,1.0,1.0,1.0,0.0,3.0,3
314.0547,435.8203,322.64844,431.52344,301.16406,431.52344,344.1328,444.41406,283.97656,453.0078,369.91406,495.97656,262.4922,495.97656,425.77344,474.4922,202.33594,470.1953,434.3672,397.14844,215.22656,392.85156,357.02344,642.0703,288.27344,637.77344,365.6172,796.7578,275.3828,796.7578,344.1328,917.0703,271.08594,929.96094,0.0,1.0,1.0,1.0,0.0,3.0,3
313.6621,428.99805,326.3379,420.54752,300.98633,420.54752,343.23892,437.44858,288.31055,441.67383,368.59048,488.1517,262.95898,488.1517,427.74414,475.47592,203.80534,467.0254,436.19467,399.42123,212.25586,390.9707,355.9147,636.0358,288.31055,631.81055,364.36523,788.1452,275.63477,783.9199,347.4642,910.67773,271.40952,914.903,0.0,1.0,1.0,1.0,0.0,3.0,3
314.3672,415.8203,326.6328,403.5547,302.10156,403.5547,342.98697,423.9974,289.83594,423.9974,371.60678,468.97134,269.39322,468.97134,428.84634,473.0599,203.97656,468.97134,437.02344,399.46616,212.15364,391.28906,355.2526,620.2474,289.83594,612.0703,363.4297,771.52344,277.5703,767.4349,347.07553,902.35675,269.39322,902.35675,0.0,1.0,1.0,1.0,0.0,3.0,3
314.40625,407.21875,326.59375,399.09375,302.21875,399.09375,342.84375,411.28125,290.03125,411.28125,375.34375,460.03125,269.71875,460.03125,428.15625,472.21875,204.71875,468.15625,436.28125,399.09375,208.78125,390.96875,359.09375,606.28125,290.03125,606.28125,359.09375,768.78125,277.84375,760.65625,346.90625,898.78125,269.71875,898.78125,0.0,1.0,1.0,1.0,0.0,3.0,3
314.9453,398.72134,327.0547,390.64844,302.83594,390.64844,343.20053,402.7578,286.6901,402.7578,375.4922,455.23178,266.5078,455.23178,427.96616,475.41406,205.96094,467.34116,436.03906,398.72134,209.99739,390.64844,359.34634,604.58075,290.72656,600.54425,359.34634,757.9661,278.6172,753.9297,347.23697,891.16925,270.54428,891.16925,0.0,1.0,1.0,1.0,0.0,3.0,3
314.4746,393.42514,326.5254,381.37436,302.42383,385.39127,342.5931,397.44205,290.37305,397.44205,374.72852,449.6621,266.27148,449.6621,426.94858,473.76367,206.01758,465.72983,438.99936,397.44205,210.0345,393.42514,358.6608,602.30536,290.37305,598.2884,358.6608,758.9655,282.3392,750.93164,346.61002,887.50714,274.30533,891.5241,0.0,1.0,1.0,1.0,0.0,3.0,3
315.5039,388.16797,327.4961,376.17578,303.51172,376.17578,343.4857,392.16537,287.52213,388.16797,375.46484,444.1315,267.53516,444.1315,431.42838,472.11328,207.57422,464.1185,439.4232,396.16275,211.57161,392.16537,359.47525,596.03253,291.51953,592.03516,359.47525,751.93097,283.52475,747.9336,347.48306,887.84247,275.52994,887.84247,0.0,1.0,1.0,1.0,0.0,3.0,3
315.48438,388.32816,327.51562,376.2969,303.45312,376.2969,343.55728,388.32816,287.41147,388.32816,375.64062,444.47397,267.35938,444.47397,431.78644,472.5469,207.20314,464.52606,439.80728,396.349,211.21355,392.33856,359.59897,596.8698,291.42188,596.8698,359.59897,749.2656,283.40103,749.2656,351.57812,885.61975,275.38022,889.6302,0.0,1.0,1.0,1.0,0.0,3.0,3
315.48438,390.32816,327.51562,378.2969,303.45312,378.2969,343.55728,394.33856,287.41147,394.33856,375.64062,446.47397,267.35938,446.47397,435.79688,470.53647,207.20314,466.52606,439.80728,398.349,211.21355,390.32816,359.59897,602.8802,291.42188,602.8802,359.59897,755.276,283.40103,751.2656,351.57812,887.61975,275.38022,891.6302,0.0,1.0,1.0,1.0,0.0,3.0,3
315.93555,393.7715,328.06445,381.6426,303.80664,385.68558,344.23633,397.81448,287.63477,397.81448,376.58008,454.41605,267.41992,450.37308,437.2246,470.58792,206.7754,466.54495,441.26758,397.81448,210.81837,389.72855,360.4082,608.0488,291.67773,604.00586,360.4082,757.6387,283.5918,757.6387,352.32227,895.0996,279.54883,895.0996,0.0,1.0,1.0,1.0,0.0,3.0,3
315.31836,409.17383,327.68164,400.93164,302.95508,400.93164,344.16602,409.17383,286.4707,413.29492,373.01367,466.86914,265.86523,462.74805,438.95117,470.99023,204.04883,466.86914,438.95117,396.81055,212.29102,392.68945,360.6504,623.4707,290.5918,623.4707,364.77148,771.8301,286.4707,771.8301,356.5293,903.7051,282.3496,907.8262,0.0,1.0,1.0,1.0,0.0,3.0,3
315.17188,416.20312,327.82812,407.76562,302.51562,407.76562,344.70312,424.64062,289.85938,420.42188,374.23438,475.26562,264.54688,475.26562,437.51562,471.04688,201.26562,466.82812,441.73438,399.32812,213.92188,395.10938,361.57812,635.5781,289.85938,631.3594,365.79688,783.2344,285.64062,779.0156,353.14062,914.0156,281.42188,918.2344,0.0,1.0,1.0,1.0,0.0,3.0,3
315.51562,424.75522,328.48438,416.10938,302.54688,416.10938,345.77603,429.07812,289.57812,433.40103,371.71353,485.27603,263.64062,485.27603,436.55728,472.30728,203.1198,467.98438,440.88022,398.81772,216.08855,394.49478,358.74478,640.90106,289.57812,640.90106,363.06772,787.8802,285.25522,787.8802,358.74478,921.8906,280.93228,926.21356,0.0,1.0,1.0,1.0,0.0,3.0,3
315.38867,435.28842,328.61133,426.4733,302.16602,426.4733,346.24155,439.69595,288.94336,444.10352,372.68686,496.99414,266.9056,492.58658,438.80014,474.9564,200.79231,470.54883,438.80014,400.02798,214.01497,391.2129,359.4642,655.666,288.94336,651.2585,363.87173,796.7077,284.5358,801.11523,359.4642,933.3418,284.5358,937.7493,0.0,1.0,1.0,1.0,0.0,3.0,3
316.16406,458.85678,325.27866,449.7422,302.4922,449.7422,343.5078,463.41406,288.8203,463.41406,375.40884,513.54425,266.03384,513.54425,439.21094,477.08594,206.78906,467.97134,439.21094,399.61197,215.90364,390.4974,361.73697,673.0495,288.8203,668.4922,361.73697,823.4401,284.26303,823.4401,357.1797,955.60156,284.26303,951.04425,0.0,1.0,1.0,1.0,0.0,3.0,3
312.39517,469.36655,326.32095,455.44077,303.11133,460.08267,344.88867,469.36655,289.18555,474.00845,377.38217,520.42773,265.97592,525.06964,433.0853,478.6504,205.63086,469.36655,442.36914,399.73764,214.91472,390.45377,358.81445,682.8952,289.18555,678.25323,363.4564,836.0788,284.5436,836.0788,358.81445,970.69464,284.5436,961.4108,0.0,1.0,1.0,1.0,0.0,3.0,3
313.21616,476.10678,327.35678,471.39322,299.07553,471.39322,341.4974,476.10678,284.9349,480.8203,379.20572,527.95575,261.3672,527.95575,431.0547,480.8203,209.51823,471.39322,440.48178,400.6901,218.94531,391.26303,360.35156,697.64325,289.64844,688.2161,365.0651,843.763,284.9349,848.47656,360.35156,966.3151,289.64844,985.16925,0.0,1.0,1.0,1.0,0.0,3.0,3
313.5371,482.99023,323.10742,478.20508,299.18164,478.20508,342.24805,487.7754,284.82617,487.7754,375.74414,530.8418,265.68555,535.62695,428.38086,478.20508,213.04883,473.41992,442.73633,401.64258,217.83398,392.07227,361.38867,703.1074,289.61133,698.32227,366.17383,856.2324,289.61133,856.2324,361.38867,990.2168,289.61133,990.2168,0.0,1.0,1.0,1.0,0.0,3.0,3
312.33725,502.60287,322.46744,492.47266,297.14194,492.47266,342.72787,502.60287,287.01172,507.66797,373.1185,548.1888,266.7513,553.2539,423.76953,477.27734,221.16536,482.34244,438.96484,401.30078,216.10027,391.17056,362.98828,725.46747,287.01172,725.46747,362.98828,877.4206,292.0768,882.48566,362.98828,1004.04816,297.14194,1004.04816,1.0,1.0,1.0,1.0,0.0,3.0,3
312.20703,509.40234,322.4414,499.16797,296.85547,499.16797,342.91016,509.40234,286.6211,509.40234,368.4961,550.33984,266.15234,555.45703,419.66797,478.69922,225.21484,478.69922,440.13672,401.9414,214.98047,391.70703,363.3789,734.5586,286.6211,729.4414,363.3789,888.0742,291.73828,888.0742,363.3789,1010.8867,296.85547,1021.1211,1.0,1.0,1.0,1.0,0.0,3.0,3
312.06055,515.5293,322.4121,505.17773,296.5332,505.17773,343.11523,515.5293,286.18164,515.5293,368.99414,556.93555,265.47852,556.93555,415.57617,474.12305,224.07227,484.4746,441.45508,401.6621,213.7207,391.31055,358.64258,738.0879,286.18164,738.0879,363.81836,893.3613,291.35742,893.3613,363.81836,1022.75586,296.5332,1027.9316,1.0,1.0,1.0,1.0,0.0,3.0,3
312.52798,521.16473,328.0944,505.5983,302.1504,510.7871,343.6608,515.9759,281.39517,515.9759,374.7936,557.4863,260.63998,557.4863,416.30405,474.46548,224.31836,474.46548,442.24805,401.82227,213.94075,391.44467,359.2272,739.0944,281.39517,744.2832,359.2272,899.94727,291.7728,905.13605,364.41602,1019.28973,296.96158,1024.4785,1.0,1.0,1.0,1.0,0.0,3.0,3
313.49545,526.8262,329.10092,511.2207,303.0918,511.2207,344.7064,521.6243,282.28452,521.6243,375.91733,558.0371,261.4772,563.23895,417.5319,474.80795,230.26628,474.80795,438.3392,401.98242,214.66081,391.57877,360.31186,750.5046,282.28452,755.70636,360.31186,906.55927,292.68814,916.9629,365.51367,1026.2012,303.0918,1041.8066,1.0,1.0,1.0,1.0,0.0,3.0,3
313.9629,527.2988,324.39258,516.86914,303.5332,516.86914,345.25195,522.084,287.88867,522.084,376.54102,558.5879,261.81445,563.80273,418.25977,475.1504,230.52539,475.1504,439.11914,402.14258,220.0957,391.7129,366.11133,756.75195,282.67383,756.75195,360.89648,907.9824,293.10352,918.4121,366.11133,1027.9238,303.5332,1043.5684,1.0,1.0,1.0,1.0,0.0,3.0,3
314.44662,527.53516,330.1107,522.3138,304.0039,517.09247,345.77475,522.3138,288.33984,522.3138,371.8815,558.8633,262.23306,564.08466,413.65234,470.10025,230.90495,475.32162,439.75912,402.22266,220.46223,391.77994,366.66016,757.2747,283.1185,762.4961,366.66016,908.69403,293.5612,919.1367,366.66016,1028.7852,304.0039,1044.4492,1.0,1.0,1.0,1.0,0.0,3.0,3
313.93033,527.7715,329.61392,522.54364,303.4746,517.31573,350.5254,522.54364,287.79102,522.54364,371.43686,559.1387,261.6517,564.3665,413.25977,475.49283,235.51237,470.26498,439.39908,402.30273,219.82878,391.84702,360.9811,757.79755,282.56314,763.0254,360.9811,914.6335,293.0189,919.8613,366.20898,1034.8744,303.4746,1045.3301,1.0,1.0,1.0,1.0,0.0,3.0,3
319.1582,533.9993,329.61392,523.54364,303.4746,518.31573,350.5254,523.54364,287.79102,523.54364,371.43686,560.1387,266.87955,565.3665,413.25977,476.49283,240.74023,471.26498,439.39908,403.30273,219.82878,387.61914,366.20898,764.0254,282.56314,764.0254,360.9811,920.8613,298.24673,926.0892,366.20898,1035.8744,303.4746,1046.3301,1.0,1.0,1.0,1.0,0.0,3.0,3
319.14844,529.0078,329.6172,523.77344,303.4453,518.53906,350.5547,523.77344,287.7422,523.77344,371.4922,560.41406,272.03906,560.41406,408.1328,476.66403,240.63281,471.42966,439.53906,403.38278,219.6953,387.67966,361.02344,764.5547,282.5078,769.78906,366.2578,926.8203,298.21094,926.8203,366.2578,1036.7422,303.4453,1041.9766,1.0,1.0,1.0,1.0,0.0,3.0,3
319.6582,529.7715,330.11392,524.54364,303.9746,519.31573,351.0254,529.7715,288.29102,524.54364,371.93686,561.1387,267.37955,561.1387,408.5319,472.26498,241.24023,472.26498,439.89908,404.30273,225.55664,388.61914,366.70898,765.0254,288.29102,765.0254,366.70898,927.0892,298.74673,927.0892,366.70898,1036.8744,303.9746,1042.1022,1.0,1.0,1.0,1.0,0.0,3.0,3
315.41406,530.0078,331.1172,524.77344,304.9453,524.77344,346.8203,530.0078,289.2422,524.77344,372.9922,561.41406,268.3047,566.64844,409.6328,472.42966,236.89844,472.42966,441.03906,404.38278,221.1953,393.91403,367.7578,765.5547,289.2422,765.5547,367.7578,927.8203,299.71094,927.8203,367.7578,1037.7422,304.9453,1042.9766,1.0,1.0,1.0,1.0,0.0,3.0,3
321.14844,536.2422,331.6172,525.77344,305.4453,525.77344,347.3203,531.0078,289.7422,525.77344,373.4922,562.41406,268.8047,562.41406,410.1328,473.42966,237.39844,473.42966,441.53906,405.38278,221.6953,394.91403,368.2578,766.5547,289.7422,766.5547,368.2578,928.8203,294.97656,928.8203,368.2578,1038.7422,300.21094,1049.2109,1.0,1.0,1.0,1.0,0.0,3.0,3
320.63867,536.48505,331.12045,526.00323,304.91602,526.00323,352.08398,531.24414,294.43423,531.24414,378.28842,562.68945,273.4707,562.68945,414.9746,473.5944,242.02539,473.5944,441.17905,405.4629,226.30273,394.9811,367.80664,767.084,289.19336,767.084,367.80664,929.55145,294.43423,929.55145,373.04752,1044.851,299.67514,1050.0918,1.0,1.0,1.0,1.0,0.0,3.0,3
321.63867,536.48505,332.12045,526.00323,311.1569,526.00323,353.08398,531.24414,295.43423,531.24414,379.28842,562.68945,274.4707,562.68945,415.9746,478.8353,243.02539,473.5944,442.17905,405.4629,222.06184,394.9811,368.80664,767.084,290.19336,767.084,368.80664,929.55145,295.43423,929.55145,374.04752,1050.0918,300.67514,1050.0918,1.0,1.0,1.0,1.0,0.0,3.0,3
322.63867,537.48505,338.36133,527.00323,312.1569,527.00323,354.08398,532.24414,296.43423,532.24414,375.04752,563.68945,270.22983,563.68945,416.9746,479.8353,244.02539,474.5944,443.17905,406.4629,223.06184,390.74023,369.80664,768.084,291.19336,768.084,369.80664,930.55145,296.43423,930.55145,375.04752,1051.0918,301.67514,1051.0918,1.0,1.0,1.0,1.0,0.0,3.0,3
328.8828,538.2422,339.35156,527.77344,318.41406,527.77344,355.0547,533.0078,297.47656,533.0078,375.9922,569.64844,276.53906,569.64844,417.8672,480.66403,245.13281,480.66403,438.8047,407.38278,224.1953,396.91403,370.7578,768.5547,292.2422,768.5547,370.7578,930.8203,292.2422,930.8203,375.9922,1056.4453,297.47656,1056.4453,1.0,1.0,1.0,1.0,0.0,3.0,3
328.87955,543.7259,344.6022,533.24414,318.3978,533.24414,355.08398,533.24414,297.43423,533.24414,381.28842,564.68945,276.4707,569.93036,417.9746,480.8353,245.02539,480.8353,444.17905,402.22202,224.06184,396.9811,370.80664,769.084,292.19336,769.084,370.80664,931.55145,292.19336,931.55145,381.28842,1057.3326,297.43423,1062.5736,1.0,1.0,1.0,1.0,0.0,3.0,3
334.12045,544.7259,344.6022,534.24414,323.63867,534.24414,360.32486,539.48505,297.43423,539.48505,381.28842,570.93036,276.4707,570.93036,417.9746,487.07617,245.02539,487.07617,444.17905,408.4629,224.06184,397.9811,370.80664,770.084,292.19336,775.3249,370.80664,932.55145,292.19336,932.55145,381.28842,1058.3326,292.19336,1053.0918,1.0,1.0,1.0,1.0,0.0,3.0,3
333.62045,547.7259,344.1022,537.24414,328.37955,537.24414,359.82486,542.48505,296.93423,547.7259,380.78842,573.93036,275.9707,573.93036,422.71548,495.31705,239.2845,495.31705,443.67905,416.70377,228.80273,400.9811,370.30664,778.3249,291.69336,778.3249,375.54752,940.7923,291.69336,940.7923,386.0293,1071.8145,291.69336,1061.3326,1.0,1.0,1.0,1.0,0.0,3.0,3
335.43814,560.11395,350.80923,549.8665,325.19077,549.8665,361.05664,560.11395,299.57227,560.11395,386.67514,590.85614,279.07748,590.85614,427.6647,519.1243,238.08789,519.1243,437.9121,437.14517,232.96419,442.2689,361.05664,795.804,294.44858,795.804,371.30405,949.51495,289.32486,949.51495,386.67514,1077.6074,294.44858,1062.2363,1.0,1.0,1.0,1.0,0.0,3.0,3
